1,0.566916819093591
2,0.20209310443724615
3,0.14941259498818446
4,0.12650103223020748
5,0.11305382683620614
6,0.10301297909374964
7,0.09197211527597096
8,0.08580710328483986
9,0.08247280966932491
10,0.07483248737782745
11,0.07461303942915747
12,0.06764006586271827
13,0.06754025599082648
14,0.06295727963669825
15,0.06230491068277318
16,0.0583475327466504
17,0.057722834649227436
18,0.05472502023991892
19,0.05191959131319644
20,0.051163838829024366
21,0.04756034478166346
22,0.047500633113717626
23,0.045886428111185464
24,0.04430107592399848
25,0.042188705734403455
26,0.04227488907843323
27,0.04129874376359127
28,0.03992937830418854
29,0.03884004283759553
30,0.03869654929612653
31,0.03795626232305826
32,0.0371737690263633
33,0.03657792573321169
34,0.03538400547231658
35,0.034463672377800535
36,0.0350029295057816
37,0.033891481126390274
38,0.03306626601113101
39,0.0332303675743988
40,0.03202748993190668
41,0.03224231326415882
42,0.030696880514338866
43,0.03154573101802903
44,0.03116228057355699
45,0.030491069069732042
46,0.02893383486859374
47,0.02993389599467233
48,0.029195683376895168
49,0.02908377560897399
50,0.028404094894432415
51,0.029117641560101912
52,0.02882812997736668
53,0.028092268586032473
54,0.0281379785372923
55,0.028936560139438863
56,0.027536064623144722
57,0.02695111021146936
58,0.02708263613157353
59,0.026750259748581102
60,0.026518243949039507
61,0.025763495517421072
62,0.02571774431962078
63,0.0254916814076951
64,0.02516082309628442
65,0.025876440099929853
66,0.02521109320539034
67,0.025030827820616757
68,0.02458634942580583
69,0.024556049824518672
70,0.02457788245657743
71,0.02518977126959017
72,0.02395971501403946
73,0.024555158832947076
74,0.022993922083622824
75,0.024244202585038493
76,0.02365353073672218
77,0.023723895464218773
78,0.023784153534383592
79,0.0234870470318375
80,0.02358096163183198
81,0.023392140423342332
82,0.022931491474668355
83,0.022852058845998374
84,0.022941191862258365
85,0.022034178922047554
86,0.022012646523130647
87,0.021697795468429894
88,0.022013008705008837
89,0.022041651183518314
90,0.02257047664626675
91,0.02187894927969171
92,0.021958309217845483
93,0.021094339023644135
94,0.02132447721373479
95,0.02182287024334073
96,0.022362008635586097
97,0.02205538832566748
98,0.021179019915476695
99,0.021152287374361086
100,0.02189868067438572
101,0.020301008818008132
102,0.020813914552583534
103,0.020405168353059028
104,0.020473646607755098
105,0.02030038184060131
106,0.020816945660291082
107,0.020715606390987917
108,0.020447681192308664
109,0.020634686321777812
110,0.019362275835947466
111,0.020394477582836554
112,0.020801495650183348
113,0.019709155405476943
114,0.020028881160384517
115,0.01949661000931667
116,0.01983726056987199
117,0.020178192887076382
118,0.019628955019732653
119,0.019496043449488736
120,0.019650418224539293
121,0.01995214478949369
122,0.020005794857644428
123,0.019038080884996107
124,0.019024813208350186
125,0.019425935617064016
126,0.019171262751885895
127,0.019277595330850553
128,0.019386052398674063
129,0.018928739439569794
130,0.019190484208007483
131,0.018751434208351677
132,0.019083066472499553
133,0.018956362277711348
134,0.018628429226829845
135,0.018497396094756105
136,0.018704845656846034
137,0.018121749999285754
138,0.01857986720278859
139,0.0185942010780386
140,0.018161713358772508
141,0.01845734803227045
142,0.0179613410668858
143,0.018345593680012023
144,0.017732526530843166
145,0.01768012434023164
146,0.01783348616780871
147,0.01790555894090715
148,0.018155156768921574
149,0.017884958274978196
150,0.017744043084271882
151,0.017344507767613662
152,0.01725694951522401
153,0.017671346506577427
154,0.01771025190729711
155,0.017463705936541497
156,0.017107563472147716
157,0.01725193842361539
158,0.01719880611556819
159,0.017522055040097843
160,0.01677112030338938
161,0.017369255005239934
162,0.017272462855266818
163,0.016903770464014704
164,0.017383619085333105
165,0.016939887334987268
166,0.01720275833287229
167,0.016971887594436186
168,0.017327311140942877
169,0.01699759170286736
170,0.016562254144415513
171,0.016942471321040795
172,0.016348943382627882
173,0.016430032636844002
174,0.017055993970736105
175,0.016644710848518346
176,0.01723093574203677
177,0.016433310063587406
178,0.01634757017906187
179,0.01610884308751862
180,0.01635445732528628
181,0.01609601140401121
182,0.016333611666272254
183,0.016405968161268256
184,0.016419270975609957
185,0.015819709440219706
186,0.016299853203976054
187,0.016441642361993
188,0.016202586189985782
189,0.016235548071563244
190,0.01601582092343498
191,0.015662200456895564
192,0.016041908618378436
193,0.015538934985238869
194,0.016270854265697427
195,0.0162135356468922
196,0.015667355185279907
197,0.015727249179351126
198,0.015887321265003945
199,0.015527203544911187
200,0.01620560596397115
201,0.015449562757197072
202,0.015147282757748992
203,0.015561784144048975
204,0.015651562361646505
205,0.015572361150851189
206,0.015529227632460958
207,0.015226239220128727
208,0.015338062064059205
209,0.015249710798389831
210,0.015430396470099183
211,0.015676563163682565
212,0.015431150999235905
213,0.01523002443077453
214,0.015575309686552165
215,0.01489851123385005
216,0.015444545319966845
217,0.015308281106842776
218,0.015521444111936173
219,0.01575970910963113
220,0.01485617786361757
221,0.015168142441849587
222,0.015013266331121579
223,0.014600698520445217
224,0.014922495244733863
225,0.014841569769117286
226,0.014943800590364105
227,0.015466243375913572
228,0.014550336676065699
229,0.014984883817891448
230,0.014556213266263574
231,0.01506699520652577
232,0.014922013916706636
233,0.014741710158285954
234,0.014748760929204902
235,0.014903692086621866
236,0.01515476965203376
237,0.014946316139993527
238,0.014690287150758303
239,0.014266799377687907
240,0.014542188558538081
241,0.014496388300558773
242,0.014518906567561425
243,0.014610541487207352
244,0.014527077249930067
245,0.014461994364510402
246,0.01483264125852009
247,0.014410418900266543
248,0.015319323364518961
249,0.014066967150291144
250,0.014231193487106239
251,0.014480865197414058
252,0.014842395508914428
253,0.013948676278972524
254,0.014304105172691456
255,0.014779118339578479
256,0.014551310492205923
257,0.014299860157040973
258,0.013807565084327076
259,0.014143801933564877
260,0.014327889008415957
261,0.013855488023768037
262,0.013886375893380935
263,0.01445531751960516
264,0.013976336693612196
265,0.014023597873115943
266,0.01426183223582299
267,0.01395348391606141
268,0.013893787883285243
269,0.013601738695149957
270,0.014420816982638533
271,0.014204634562671438
272,0.013707153475448743
273,0.013518706500782804
274,0.014238943764150648
275,0.014138050843030214
276,0.014146012415856881
277,0.013584640082287587
278,0.014430894437482801
279,0.013844801160364838
280,0.014203161502383271
281,0.014286732214297784
282,0.014299371532338151
283,0.013873362822963272
284,0.014082546444546621
285,0.014160143582434472
286,0.013899193318971133
287,0.01358531882702294
288,0.0140238076259019
289,0.013234453054807954
290,0.013707589219971481
291,0.013690568546180502
292,0.013847958687219327
293,0.013231337587428043
294,0.013541334766452596
295,0.013612022923337201
296,0.013034489345184322
297,0.013490659855621851
298,0.01384984681351205
299,0.013093507990746175
300,0.013284161375140992
301,0.013473223287107075
302,0.013226512148660623
303,0.013510294124420922
304,0.012813948631539182
305,0.013635966816317227
306,0.013420744712259305
307,0.013975645518088239
308,0.01322226609513795
309,0.013219037432602401
310,0.013554432050530182
311,0.012682907539814457
312,0.013333216972522816
313,0.013017763462612185
314,0.013609504631041722
315,0.01301439244189631
316,0.013251593229913358
317,0.012703478265301152
318,0.013376899399021166
319,0.0131517920556273
320,0.013355765554864528
321,0.013238814264788465
322,0.013319429696805902
323,0.013348096598855268
324,0.013418170201229089
325,0.012816853868633004
326,0.012958825522465474
327,0.01303452009066813
328,0.012619842017479873
329,0.012640531853599063
330,0.012599958939540941
331,0.013108982088959824
332,0.012692996837451296
333,0.012650705984462116
334,0.012752951596374228
335,0.012515634144419583
336,0.012695555271328254
337,0.012432507022236616
338,0.012528644551096832
339,0.012847755739654777
340,0.012930081758679728
341,0.012459052848961141
342,0.012263196556023875
343,0.012893926806084938
344,0.01254238363087051
345,0.012751779716335615
346,0.01288650120545368
347,0.012805247154497242
348,0.012489737319302256
349,0.012728909093697192
350,0.012014623585362302
351,0.012939262614285543
352,0.011705162836301882
353,0.013092875863441218
354,0.013221653529553342
355,0.012445643713887213
356,0.012387383464818536
357,0.012334535967842754
358,0.012725926241127112
359,0.012351335835311625
360,0.01209718803085892
361,0.012360627411754203
362,0.012112476934000091
363,0.012478395424372816
364,0.01213380633616599
365,0.01268705631748347
366,0.012364010239746107
367,0.012207949317013056
368,0.012150058530713036
369,0.01248726497356922
370,0.011996826788378974
371,0.012369671879904502
372,0.0127076131047018
373,0.012418270312344371
374,0.01250019082326
375,0.011976214346744247
376,0.01236380435037032
377,0.012318251330910598
378,0.012082404338644218
379,0.012104452721837718
380,0.011982576329639907
381,0.012073537654448616
382,0.01228597842283168
383,0.01186246277322456
384,0.011928497663683306
385,0.012217400591599486
386,0.011716073138197348
387,0.012221352209068708
388,0.012290208209779555
389,0.012258087071763762
390,0.011593811249486724
391,0.01255200944951404
392,0.012114260211523812
393,0.012008434745593596
394,0.011601809763460088
395,0.012238548685780774
396,0.011873592298983012
397,0.012253653676391153
398,0.011866905205583169
399,0.011909127705020168
400,0.012006721344886947
401,0.011853105447775984
402,0.011883812648701971
403,0.012274899168760848
404,0.011907207538863108
405,0.011762322968471859
406,0.011878385492679427
407,0.011780358744406347
408,0.011980369533175382
409,0.012045070311938555
410,0.011787071180829809
411,0.011885677677405587
412,0.011787472746603318
413,0.011410135716610289
414,0.011655897793944105
415,0.011858133461042229
416,0.011490316106543198
417,0.011905875680494612
418,0.011776613994990871
419,0.01129100060137778
420,0.011737867850431447
421,0.011589764341143734
422,0.011487086141734557
423,0.01109678843216497
424,0.01140240556955085
425,0.011382665607478406
426,0.011608548166419742
427,0.011557220378732783
428,0.011915214691247981
429,0.011681200581271265
430,0.011697476690287813
431,0.011479966804164193
432,0.011674702992283945
433,0.011939644770128495
434,0.011531610298365101
435,0.011264521312915672
436,0.011390390884825739
437,0.0117543945878239
438,0.0116098212054536
439,0.011303529853664212
440,0.011966260580219707
441,0.011419815686136738
442,0.011119043340085673
443,0.011505419206884453
444,0.011345188271538433
445,0.011492780382129348
446,0.01089526261439768
447,0.011028990259993885
448,0.011883433927955517
449,0.011264341330881847
450,0.01128985118752314
451,0.011135471163917396
452,0.01104474630033187
453,0.011322352360397324
454,0.010920331379303993
455,0.010976240914946391
456,0.011063422325019867
457,0.010869824209140014
458,0.010951392313118204
459,0.011454604009671484
460,0.011056168056172083
461,0.011167888711127689
462,0.011213291677156999
463,0.011210496699184938
464,0.011103738726795478
465,0.010987423376132876
466,0.011239912554274424
467,0.011208038631100523
468,0.011191776922067343
469,0.01136099946906127
470,0.011227474816269794
471,0.010982462631191238
472,0.011049662850860316
473,0.011027639901454923
474,0.011102172443485362
475,0.011306855815731116
476,0.011007311978866742
477,0.01109669381610544
478,0.011682315607223723
479,0.010921813018809436
480,0.011218436930518029
481,0.010820070400013256
482,0.01122831478241389
483,0.010982802950666618
484,0.011111269014398172
485,0.011040146044313403
486,0.010993933324875721
487,0.010850349922617108
488,0.010963101180712297
489,0.010880204067581285
490,0.011310022154633524
491,0.011137307787282487
492,0.010863705092283377
493,0.011087420416238197
494,0.011570082207889123
495,0.011143189223514776
496,0.010777145596536792
497,0.010965066105600888
498,0.010854504592085288
499,0.010692961877054078
500,0.011019377002366266
501,0.010828484702160803
502,0.011159451208787701
503,0.011040116794470508
504,0.010694502178042874
505,0.0109889314912449
506,0.01106320541762447
507,0.010927470539049324
508,0.010721748300149278
509,0.010717963594627582
510,0.010799005600008167
511,0.01087738536061498
512,0.010908635633097867
513,0.010430823774787329
514,0.010487777445370616
515,0.0107327417067994
516,0.010897872180251752
517,0.01092444602952544
518,0.010965045292909115
519,0.010989813749694217
520,0.010979655356604164
521,0.010925199662856126
522,0.010568532500794883
523,0.010767850748626358
524,0.010934026631668715
525,0.01064885052520845
526,0.010951862338993508
527,0.011034026473634323
528,0.01054094054625701
529,0.011027499492737954
530,0.010685108605993249
531,0.011172694651315273
532,0.010345192728721994
533,0.010361641862477034
534,0.010719775822076756
535,0.010716072919036625
536,0.010445856457670866
537,0.01061960533498076
538,0.010203642328664407
539,0.010479103323956162
540,0.01084477026252297
541,0.010676536862975207
542,0.010449659272681102
543,0.010617051451167061
544,0.010546498596510393
545,0.010520745439739045
546,0.010500580261824495
547,0.010531088684575033
548,0.010207759161179854
549,0.010190076281521784
550,0.010628571765402616
551,0.010842541382663835
552,0.01062162964352233
553,0.010371848798783148
554,0.010690727058040389
555,0.010292535979237597
556,0.010504367974413148
557,0.010413384230775853
558,0.010403844760730863
559,0.010546894349410372
560,0.010242688074960546
561,0.010515105070041145
562,0.010801648373826075
563,0.010616015998046782
564,0.01085422172258466
565,0.01083832556555458
566,0.010224022176432408
567,0.010062917084354212
568,0.010507220011678035
569,0.010075579389487789
570,0.010496924382681816
571,0.010414604464608986
572,0.01039193922622224
573,0.010254657827317715
574,0.010335384216948839
575,0.010366922717983439
576,0.009656982287227854
577,0.010324832426889216
578,0.010409682803645225
579,0.010288493348664399
580,0.010034563019871712
581,0.010346110535280431
582,0.009753327599679262
583,0.0101494237906852
584,0.010573269037719248
585,0.010282476274770195
586,0.01006413909401429
587,0.010121009695359458
588,0.01055103686827598
589,0.00987417807692062
590,0.010445252506820074
591,0.010157253214363324
592,0.010302554231957865
593,0.009855420151094006
594,0.010234775574151742
595,0.010051116473593955
596,0.009974787520812982
597,0.010451316079756214
598,0.010312230953694148
599,0.010299029235207176
600,0.009624943867231072
601,0.01020929595787015
602,0.010148327880523215
603,0.010045965573103246
604,0.010073624606544183
605,0.010197596237757954
606,0.010277790751434484
607,0.01046422730847183
608,0.010134777630347822
609,0.010173643998391295
610,0.00975632693981594
611,0.010258217152776354
612,0.009658853945685393
613,0.010098967365762693
614,0.009950644656289684
615,0.009983214084059
616,0.009895193055114252
617,0.010113239075230845
618,0.010358481975745851
619,0.009975644905846251
620,0.010172279512162432
621,0.009927812983455547
622,0.009884205800717917
623,0.01010879331615643
624,0.00989268648722288
625,0.01015609516998974
626,0.00994141011940852
627,0.009797706529182397
628,0.010000634575420516
629,0.009957051989859191
630,0.009744146467833701
631,0.009880746324088866
632,0.01005180322533568
633,0.009357494404697317
634,0.009286974252880378
635,0.01006264040262391
636,0.010258913028322287
637,0.009970528081501439
638,0.00977160696776868
639,0.009901439609258609
640,0.009975979676849003
641,0.010097910519847172
642,0.00975812285333493
643,0.00975114225520421
644,0.009905048259297165
645,0.009809507175459194
646,0.00977104807951314
647,0.009792320418439932
648,0.009828777399734926
649,0.00978183581383299
650,0.00963315223659373
651,0.009607192302533126
652,0.009740789314353113
653,0.00979983278597563
654,0.010218175439858588
655,0.009886301012109902
656,0.009694540596930153
657,0.009469681727242166
658,0.009663527610443406
659,0.009503386014977754
660,0.010025400064601484
661,0.009923327702365942
662,0.009953905240301106
663,0.010022166709936524
664,0.009554969750628885
665,0.009440811489061531
666,0.009584782159713617
667,0.009716463626472879
668,0.009915578321127569
669,0.010026393485871159
670,0.009571861972937645
671,0.009345449598000969
672,0.009566225983612871
673,0.009693330883885087
674,0.009720569271278583
675,0.009595183624049364
676,0.00959392269615526
677,0.009741593973111298
678,0.009788674649671984
679,0.009704448779950203
680,0.00973846840324922
681,0.009634492046720648
682,0.009441786911338568
683,0.009474333707180064
684,0.009805967660336676
685,0.009325699501876103
686,0.009626397784104792
687,0.009601731682038409
688,0.009679321337775406
689,0.009792531911536293
690,0.009472714527904734
691,0.009547776755703202
692,0.009635736459424183
693,0.00958377348211736
694,0.009703727450884752
695,0.0098053224668917
696,0.009632381038361434
697,0.009502847438236163
698,0.00967142152820982
699,0.009634936338890407
700,0.009468455396403196
701,0.0095000412409841
702,0.009456232703148814
703,0.00953535010280498
704,0.009388666355319448
705,0.009925890291677945
706,0.009635217479919479
707,0.009523944278105588
708,0.009645432687632866
709,0.009334138685332264
710,0.009551376613425248
711,0.009238070078288852
712,0.0098289943781634
713,0.009296992833142058
714,0.009833341653821832
715,0.009840892533124503
716,0.009538056735359764
717,0.009356800297085764
718,0.00961057987790239
719,0.009238854074313983
720,0.00944462453678124
721,0.0091800652365437
722,0.009091712609407002
723,0.009271971328910125
724,0.009351025185531985
725,0.009333536920721754
726,0.008899429051394937
727,0.009547376859207021
728,0.009649437418112815
729,0.009481522996546858
730,0.00970761206443027
731,0.009326707110029914
732,0.009728864154983627
733,0.009206474585048223
734,0.009538116742525313
735,0.009702273486655647
736,0.009292714266201197
737,0.00942517458698002
738,0.009713546613673284
739,0.009382167732406218
740,0.009381412603434617
741,0.009213209633668095
742,0.009603099135871408
743,0.009683622130177032
744,0.009005278625162476
745,0.009321849832658545
746,0.009328664848738807
747,0.009051566726480753
748,0.009194654897960314
749,0.009091631935562118
750,0.00905074979873153
751,0.009166305411165044
752,0.00942616749128674
753,0.00914828214889108
754,0.00910240882549877
755,0.009296492227526792
756,0.009354236772504904
757,0.009171043277986474
758,0.009392109833720881
759,0.009113122622277273
760,0.009234984985442233
761,0.009157258531836382
762,0.009163959097843302
763,0.008966389577835798
764,0.00965984160932949
765,0.00921353806299552
766,0.009083017710817315
767,0.00962344257129451
768,0.009343682780419872
769,0.009511943075853258
770,0.009172206701142556
771,0.009043776935313717
772,0.009088349130036215
773,0.008818564936518669
774,0.008906209273105961
775,0.009063349890727865
776,0.009139367189826601
777,0.00938136280530085
778,0.009140634013466159
779,0.0091572719728732
780,0.009024080962447797
781,0.009220066314594726
782,0.00926688180099857
783,0.009219266233523772
784,0.009107087786167355
785,0.00908468842064425
786,0.009329679489167313
787,0.00945403999491137
788,0.009120531407800518
789,0.009065431349326745
790,0.009124035100547313
791,0.00932029386887611
792,0.009018037093298162
793,0.008916861385549023
794,0.009384717780433722
795,0.00862635975956159
796,0.00875779427587986
797,0.008979282641814927
798,0.009147627373873177
799,0.00924033579669135
800,0.009393746289819226
801,0.009260557599807694
802,0.00870248101951586
803,0.009091367289992207
804,0.008905055467039347
805,0.009114907766392424
806,0.00904522594301251
807,0.008884164457351474
808,0.008854879236038206
809,0.008856283496844313
810,0.00930588499453487
811,0.009393329128338877
812,0.009009397975405899
813,0.009148862773268405
814,0.009011048168512219
815,0.009080172332903464
816,0.008813241401971397
817,0.009013941120829875
818,0.008904593187715795
819,0.008702730740246883
820,0.00869989642573489
821,0.008956195895118103
822,0.00919355840769486
823,0.008702989900484681
824,0.008797964684949335
825,0.008802997836274869
826,0.008953400709966228
827,0.008698820037830431
828,0.008872384438291192
829,0.008782033358653218
830,0.008987725134228625
831,0.008905390731327362
832,0.008923660853277829
833,0.008719704914995926
834,0.009215546542999603
835,0.008727474580124274
836,0.008749108690515919
837,0.008969787906823774
838,0.008575446524862515
839,0.008683499339494413
840,0.008841759083255872
841,0.008565497391273156
842,0.009068021854638295
843,0.009123316977836065
844,0.00858522980016167
845,0.00892645308069127
846,0.008734938913514302
847,0.008732054504897382
848,0.008742598990388846
849,0.008766247859319388
850,0.008487553805333831
851,0.009026272763040358
852,0.008643982600483853
853,0.008819175154065429
854,0.008691445275178273
855,0.008843456252904261
856,0.008814074840964907
857,0.008878325802763388
858,0.008803704635129642
859,0.008829818044047234
860,0.008545662868389134
861,0.008950897993646184
862,0.008985115850533722
863,0.00874269536649019
864,0.008972027417966875
865,0.00856995836129191
866,0.008801813754332016
867,0.008825145586851543
868,0.008636345341012387
869,0.008883701633440993
870,0.008588174764477348
871,0.008752892484446452
872,0.008589537411738755
873,0.008548928645707794
874,0.008678387811060175
875,0.008704475419185424
876,0.008640776360723175
877,0.008714246275534823
878,0.009021211762802076
879,0.008806667819429757
880,0.008932368364185095
881,0.008483715651367428
882,0.00897358882367232
883,0.008729518085355097
884,0.00861637669189249
885,0.008892969836054717
886,0.008318597695521884
887,0.008799300197575051
888,0.00841308350801089
889,0.008933181179908373
890,0.008911776068320467
891,0.008515105713000995
892,0.008267208432652435
893,0.008609087904915214
894,0.008571988768812459
895,0.008355220444342596
896,0.008828094704629127
897,0.008879371441237755
898,0.008705240019234055
899,0.008603115337190487
900,0.008394791436839407
901,0.008691153631119405
902,0.0086368557886552
903,0.008546295820467047
904,0.008678045928857084
905,0.00863992960302759
906,0.008534969004281497
907,0.008368506779010266
908,0.00860725323495976
909,0.008636843328269483
910,0.008477872748606665
911,0.00844082320740415
912,0.008383677901416007
913,0.00874484291347533
914,0.008888092322148761
915,0.008448277844779067
916,0.008754445816058729
917,0.008768460066136668
918,0.008588347970744816
919,0.00845145258926234
920,0.008476804432822234
921,0.008873504420773963
922,0.008361164689600721
923,0.008556014964735861
924,0.00833375001389344
925,0.008230245384087755
926,0.008374657024140074
927,0.008713708334144647
928,0.008392026059929345
929,0.008431482073551013
930,0.008178249439540304
931,0.008478036300294985
932,0.00820198263657295
933,0.008454439415738492
934,0.008238195848130321
935,0.008539116092941772
936,0.008752186409734443
937,0.008627818990104154
938,0.008599819268210459
939,0.008265249565306861
940,0.008031976436880433
941,0.008579913763550379
942,0.008434678546263504
943,0.008262712066456422
944,0.008429675118334718
945,0.008236465869092588
946,0.008844012141985408
947,0.008060692472115032
948,0.008837052269728255
949,0.008573832976931737
950,0.0082443267919944
951,0.008453548522823947
952,0.008274240237739632
953,0.008536417558157847
954,0.008818560674534006
955,0.008721437877422925
956,0.0082998117708238
957,0.008269986903326492
958,0.008560031869496077
959,0.008378009974830231
960,0.008376950362570962
961,0.00811639748182211
962,0.008499366227316401
963,0.008348092847203805
964,0.008256444857471575
965,0.008342471230238423
966,0.008231940047847013
967,0.008268325119989655
968,0.008286875118185781
969,0.008030576315724243
970,0.008271480673703096
971,0.008347943527781862
972,0.008344832022469176
973,0.008367460442043968
974,0.0080259228914471
975,0.00821217546097429
976,0.008356115173043336
977,0.008117624067196275
978,0.008119993286712443
979,0.008425201427475628
980,0.008110098035658821
981,0.008680341546265883
982,0.00839774717845149
983,0.008329906358809794
984,0.008020456868492194
985,0.008103334861886451
986,0.008607193784219987
987,0.008159556090673906
988,0.008102205712190372
989,0.007902498499064122
990,0.0083125135131275
991,0.008233493521525446
992,0.008738475366321913
993,0.008445493983483668
994,0.008138991643722027
995,0.00835867785706611
996,0.00823259522538569
997,0.008408779980835774
998,0.00821537219019512
999,0.008494812841290387
1000,0.008410465800976855
1001,0.007919129138117877
1002,0.008388487823402225
1003,0.008235978262530546
1004,0.008343976065990025
1005,0.008156222749059484
1006,0.008370927598137977
1007,0.00825699690287396
1008,0.007862162397448288
1009,0.00793941580627303
1010,0.00831985597151442
1011,0.007791095318556842
1012,0.008504253579303622
1013,0.008339711374177014
1014,0.008379922627266181
1015,0.00809818354308984
1016,0.008225899706673572
1017,0.008204429481431083
1018,0.007777580703308774
1019,0.00824445650628689
1020,0.007965957004008657
1021,0.007628997114992117
1022,0.008051169795473502
1023,0.008152871023689917
1024,0.008264708530031523
1025,0.008261209480085616
1026,0.008276515421299738
1027,0.007840600726983936
1028,0.008503685060146628
1029,0.008018327600685722
1030,0.007984102013031557
1031,0.00811162054680793
1032,0.008249352384216578
1033,0.007753277558565013
1034,0.007924011878874468
1035,0.008107883788613697
1036,0.008154516804852855
1037,0.008200577807502222
1038,0.008089879578989694
1039,0.008225431500034313
1040,0.008001778203741474
1041,0.00806914498216583
1042,0.008194516819380855
1043,0.00785625399627044
1044,0.007878249171742444
1045,0.008122341113433369
1046,0.008614789323597136
1047,0.008012396689914799
1048,0.008406428967492056
1049,0.007965558372295888
1050,0.008071327838510022
1051,0.007841414304339659
1052,0.00809825498263462
1053,0.007710393814180615
1054,0.007893615794936353
1055,0.007771914106620066
1056,0.007870681915369075
1057,0.007909137459661243
1058,0.008139902725815773
1059,0.00791592885329688
1060,0.008069345451323158
1061,0.008206624770537019
1062,0.007934016949039394
1063,0.00826961460712729
1064,0.00791618319907052
1065,0.00783005992929309
1066,0.008060958273945597
1067,0.007996586348735174
1068,0.008104951308361428
1069,0.008001027415680179
1070,0.007782049721769862
1071,0.007805323788612071
1072,0.00793276020420431
1073,0.007880129504128027
1074,0.008233719821072231
1075,0.008094285898920844
1076,0.00793993252061181
1077,0.007988256181321911
1078,0.008193092720614652
1079,0.008250472605449416
1080,0.0076829076476268845
1081,0.008070715872760294
1082,0.00760264087752518
1083,0.008063322844741455
1084,0.007712545415970607
1085,0.007926667401156688
1086,0.008151327830076344
1087,0.007965964760426117
1088,0.008112881758834347
1089,0.008037566270489814
1090,0.007888821551528901
1091,0.007652071134929182
1092,0.007973202370044034
1093,0.008008429407678798
1094,0.007506396787209531
1095,0.008016136849804198
1096,0.008069564726487812
1097,0.007622175025201197
1098,0.007658679442780124
1099,0.007824000385510971
1100,0.008010046856509427
1101,0.008237255867412788
1102,0.00788379096331359
1103,0.007851854507353598
1104,0.0075077115798811035
1105,0.007390043639057016
1106,0.007927703698781334
1107,0.007861022249464009
1108,0.00775163692335393
1109,0.007743111223582242
1110,0.007962006195527265
1111,0.007587729463890447
1112,0.007747563987307377
1113,0.00788492779642091
1114,0.007606764712718205
1115,0.007804979528774018
1116,0.007729085375381224
1117,0.007449991894507055
1118,0.008061180139844448
1119,0.007573073952837642
1120,0.007622149398045267
1121,0.008000908427382424
1122,0.00776062880137588
1123,0.007976172482042368
1124,0.0076744067837815665
1125,0.008166667437023026
1126,0.007758956749813031
1127,0.00777385145488937
1128,0.007698123785272493
1129,0.007632446400347655
1130,0.00731922522131985
1131,0.007835097350495852
1132,0.00769794881699007
1133,0.007546706038321984
1134,0.00770962335192993
1135,0.007625053228289521
1136,0.007770265914278768
1137,0.0074693424788982435
1138,0.007773241410979023
1139,0.007444407806684405
1140,0.007896203764761656
1141,0.007513300728810541
1142,0.007688092332238616
1143,0.007984213527071021
1144,0.00804675925302051
1145,0.007644162572509909
1146,0.007732115070319782
1147,0.007822225537245809
1148,0.007932862474077965
1149,0.0076340760905453465
1150,0.007933730892915974
1151,0.007822251555083667
1152,0.007673270980653874
1153,0.007833140442479338
1154,0.007691796456653056
1155,0.00781583697219395
1156,0.007335435259708409
1157,0.007630712729563021
1158,0.007316404523454227
1159,0.0076755883835129815
1160,0.007409956554834873
1161,0.007422342866864371
1162,0.007755443658995427
1163,0.007819997959659767
1164,0.007931978739719143
1165,0.0074917028965902025
1166,0.007445012242927895
1167,0.007729966666991428
1168,0.007730499683421547
1169,0.007674147187479598
1170,0.007688481735570704
1171,0.007754107730036949
1172,0.007585575298990233
1173,0.007669883284923005
1174,0.007494833393385476
1175,0.007307407864511518
1176,0.007655324509083215
1177,0.007453179870874195
1178,0.00793217338811038
1179,0.00805207559349552
1180,0.007666095893956342
1181,0.007538134981957027
1182,0.0075806118962276035
1183,0.0075865654902280135
1184,0.007605317382189303
1185,0.007559124885474221
1186,0.007746351243517661
1187,0.0074181914905686
1188,0.007356919271287398
1189,0.007720668429224673
1190,0.007401936794078703
1191,0.007224715456871663
1192,0.007522420985308491
1193,0.007755968780888213
1194,0.007500607461147642
1195,0.007840441500420793
1196,0.0075155058382394705
1197,0.007574092863143375
1198,0.007357069821949354
1199,0.007528813808398731
1200,0.007626532912412185
1201,0.00768966586092266
1202,0.007626879196692952
1203,0.007274481582344841
1204,0.007507973682072203
1205,0.00766010015760943
1206,0.007325565051760966
1207,0.0074306621760824474
1208,0.007432739637097565
1209,0.007424440562440935
1210,0.0071196195756290425
1211,0.0075022725672540015
1212,0.007291447533041996
1213,0.007545823760141256
1214,0.007544921647946713
1215,0.007112352599752909
1216,0.00726487349829305
1217,0.007362641812444238
1218,0.007495962586490658
1219,0.007582143876480602
1220,0.007515449814845697
1221,0.00771584409541624
1222,0.0070199450020189
1223,0.007302106798121358
1224,0.007589772629741011
1225,0.00736534072212496
1226,0.007478104884562604
1227,0.007423187270602685
1228,0.0074806022398584224
1229,0.007440298896330267
1230,0.007431795512783831
1231,0.007364360706375564
1232,0.0071585018215385285
1233,0.007407778443894901
1234,0.007293272416217853
1235,0.0072263819520693206
1236,0.007193021681475438
1237,0.0076119257591001814
1238,0.007475750639213849
1239,0.0075212148337830175
1240,0.007306333439882403
1241,0.007528196738133112
1242,0.007164911874096399
1243,0.007607968415575639
1244,0.007240015950243352
1245,0.006835638880887527
1246,0.0070443509927935015
1247,0.007077287280758433
1248,0.007251125053991958
1249,0.006989635507402532
1250,0.007578718957443864
1251,0.0071576682542908495
1252,0.007204901894664992
1253,0.007129476804254672
1254,0.007413525236928362
1255,0.007401470982832677
1256,0.0071749771408484144
1257,0.007009051680975294
1258,0.0070377906224043186
1259,0.0073375561831013885
1260,0.007476672076351814
1261,0.007307597284078977
1262,0.00734962048443129
1263,0.00718255775933296
1264,0.007375207520484672
1265,0.007197701855625768
1266,0.007539953480048453
1267,0.0071223943150933765
1268,0.007384118225457052
1269,0.007290701683752744
1270,0.007324636621811128
1271,0.007100227419129115
1272,0.007370676758493912
1273,0.0072306172598658475
1274,0.007565118806531369
1275,0.007098469666157991
1276,0.007087998060604273
1277,0.007376260493124314
1278,0.007513650312183141
1279,0.006983288597331335
1280,0.007107325058067375
1281,0.007226827570189864
1282,0.007076360865385603
1283,0.007368769263848662
1284,0.007224575312555594
1285,0.0071496332687783545
1286,0.007371584071888257
1287,0.007326287955392973
1288,0.007231527700688753
1289,0.0070588640016266855
1290,0.007232981607696767
1291,0.007289875156672324
1292,0.007132071989856787
1293,0.00716905118068838
1294,0.007306388458947383
1295,0.007192439703523355
1296,0.007246861873604989
1297,0.007135973815111664
1298,0.0072064985899980795
1299,0.00720641009264894
1300,0.007199809779965524
1301,0.006977255756067017
1302,0.006947067968736766
1303,0.006998764076743717
1304,0.007235891477725768
1305,0.007098786357269323
1306,0.006988154307907542
1307,0.0069391680230244486
1308,0.007047426729005272
1309,0.006928072804269396
1310,0.007178110893326417
1311,0.006946933566261146
1312,0.007030601151508547
1313,0.007059182103533866
1314,0.007296026058858103
1315,0.006908318734238461
1316,0.006959136816183642
1317,0.00707504230598777
1318,0.007041165021137666
1319,0.007122671209922913
1320,0.006948080628131658
1321,0.007086982881508263
1322,0.00687487079896096
1323,0.007082762636670495
1324,0.007120319363913673
1325,0.007305620238184929
1326,0.006853493425789905
1327,0.006760390287943942
1328,0.007108042634218552
1329,0.007197996514644158
1330,0.006823955413538142
1331,0.007305239070743575
1332,0.007101905492718442
1333,0.007106104230318787
1334,0.0067676561509685245
1335,0.007014035576780848
1336,0.006756367554525071
1337,0.007276074844412506
1338,0.0069359030211502215
1339,0.006936432487899595
1340,0.006942332597938761
1341,0.007124096318937333
1342,0.007150842454994761
1343,0.006979383747251231
1344,0.006975767954442082
1345,0.007178189416447559
1346,0.006996764807362046
1347,0.006808871705227105
1348,0.006931229973985356
1349,0.0069815225098124245
1350,0.007077902871168266
1351,0.006793441683038185
1352,0.007225311530943392
1353,0.006955605467891921
1354,0.006741024883290343
1355,0.007112449090296434
1356,0.006929925220655435
1357,0.007007784506116631
1358,0.006691568880341947
1359,0.006868118270284543
1360,0.006700693067336865
1361,0.00701621097859816
1362,0.0071950778384866606
1363,0.007120282712818707
1364,0.0069436228467088384
1365,0.007170843299857135
1366,0.006953150093145037
1367,0.006728090264960744
1368,0.007229433246982931
1369,0.006810837701531285
1370,0.00675424696656607
1371,0.006815539607857117
1372,0.006707461022029994
1373,0.007051811198372457
1374,0.006942962091100418
1375,0.007474942856973385
1376,0.006933086476746505
1377,0.0066194116962694765
1378,0.006791043132780341
1379,0.007134072340519751
1380,0.006976307541431891
1381,0.006964227289229758
1382,0.006794627560539392
1383,0.006919869186230383
1384,0.006819670998207215
1385,0.006795754267486854
1386,0.006848080981507013
1387,0.006766388275644789
1388,0.006751020225869902
1389,0.006561906828734455
1390,0.006771465534565307
1391,0.006670149086611503
1392,0.006631615155344924
1393,0.006840561816500405
1394,0.006810733922204729
1395,0.00649482661550391
1396,0.0071050063923979966
1397,0.006754804043478127
1398,0.0068249519306661215
1399,0.006903584282924184
1400,0.006785013377508622
1401,0.006627369674033154
1402,0.006830637402422094
1403,0.006813962894523421
1404,0.006803553358067648
1405,0.00700445301333537
1406,0.00690250520957476
1407,0.006846441763011202
1408,0.006763238913647957
1409,0.007232466710620891
1410,0.006837920571866808
1411,0.006922468300356324
1412,0.0068478118371755135
1413,0.006560070294160712
1414,0.006820133589287051
1415,0.006706699973635249
1416,0.006739949328051407
1417,0.006613975544696895
1418,0.006874507391762178
1419,0.006951633909859268
1420,0.006454264320890909
1421,0.006911058870728238
1422,0.0068985748566466115
1423,0.0066515144406644215
1424,0.0068602550526196925
1425,0.00675573012539012
1426,0.006871016265950718
1427,0.006876270284765731
1428,0.006529420393250756
1429,0.006937272823021068
1430,0.0067971645286148885
1431,0.0066482704073601104
1432,0.006647903503755392
1433,0.006709143967304568
1434,0.006607130978856299
1435,0.0067616602074418025
1436,0.006845327431604393
1437,0.006510001883478993
1438,0.00670745101623174
1439,0.006706014301201676
1440,0.006812758053163603
1441,0.006769892126242867
1442,0.00676869892444209
1443,0.006500983269395843
1444,0.006613549829650102
1445,0.006553255654950389
1446,0.006760141476830941
1447,0.00685086186335943
1448,0.006441099186412106
1449,0.006529502481837772
1450,0.006776063330076887
1451,0.00641872177208316
1452,0.006362631252051284
1453,0.0067739551393630896
1454,0.006448210432131033
1455,0.006592614294061342
1456,0.006523383520859278
1457,0.0066595120667243156
1458,0.006683712568670764
1459,0.006416163184301202
1460,0.006751765830489665
1461,0.0066771840506975174
1462,0.006402290272289666
1463,0.00663884093992854
1464,0.006726721719980745
1465,0.006644201397864243
1466,0.006482794056094046
1467,0.0066411272204339
1468,0.0064952700888201344
1469,0.006744075414598367
1470,0.006845093038233029
1471,0.006330057935220963
1472,0.0065348687940829635
1473,0.0065878684616695014
1474,0.0064000005920622815
1475,0.006300404316635202
1476,0.00693110857056296
1477,0.006566714996598282
1478,0.006800889710390593
1479,0.0064636929951197766
1480,0.006585476722694554
1481,0.006742444862138038
1482,0.006592934467766623
1483,0.00677904709029185
1484,0.0065266698267374
1485,0.006229300531400841
1486,0.00653034083000621
1487,0.006814378625476512
1488,0.00652956194047011
1489,0.006529433589618085
1490,0.006372128713923364
1491,0.006675123623809067
1492,0.0065695062828234445
1493,0.006467363224917297
1494,0.006592974506744767
1495,0.007139282796326709
1496,0.006505293254661611
1497,0.006688307605731159
1498,0.006774686789929362
1499,0.00642139130366682
1500,0.006331229402873097
1501,0.006307552690949228
1502,0.006500503963838189
1503,0.006400410547631525
1504,0.006448612201138068
1505,0.006364356315994667
1506,0.006522029630397841
1507,0.006363038129520492
1508,0.0066370222701738445
1509,0.006398666513910107
1510,0.006241809476119608
1511,0.006221278537049005
1512,0.006506049701691431
1513,0.006477785401314624
1514,0.006314209364433536
1515,0.0065705070520703825
1516,0.006571924532921511
1517,0.006545979105393892
1518,0.006549903027855365
1519,0.006331427186585458
1520,0.00651230032247949
1521,0.006599578280317582
1522,0.006515784179239328
1523,0.006682692588922583
1524,0.00642984257655818
1525,0.006193969767714329
1526,0.006390555017880338
1527,0.006256633580236112
1528,0.006911607682152446
1529,0.00655326554236018
1530,0.006237099215514579
1531,0.006386850964498974
1532,0.006247357157516783
1533,0.006525488700559836
1534,0.006233864452026911
1535,0.006208287701957812
1536,0.006514145118594801
1537,0.006492340589983989
1538,0.006419952414235321
1539,0.006047021648925492
1540,0.006592706583787577
1541,0.0062756673788051985
1542,0.006268534546923208
1543,0.006262106621653726
1544,0.00634707239361764
1545,0.006118056052601186
1546,0.006105967260644597
1547,0.005969673180084486
1548,0.006395791102816366
1549,0.006173726265965882
1550,0.006388894996558458
1551,0.006376800147058852
1552,0.006117535048653766
1553,0.006439700199812019
1554,0.006256105956400477
1555,0.006503268306822342
1556,0.006366099203321136
1557,0.006216387866238542
1558,0.006074228525256454
1559,0.006306768892238201
1560,0.006238727522540396
1561,0.006090117292873309
1562,0.006381366137509881
1563,0.006369304438753022
1564,0.006217285503349188
1565,0.006348564255966852
1566,0.00628610873216037
1567,0.006410214414630654
1568,0.006275871210194872
1569,0.00616957464500062
1570,0.006126640956470017
1571,0.006339316135982715
1572,0.005956434816421973
1573,0.006442983064532153
1574,0.006147151311733208
1575,0.00640370369438966
1576,0.006194330775573597
1577,0.006386322133101018
1578,0.0062747347401455045
1579,0.006176586602262016
1580,0.006231108542247597
1581,0.006443734359690699
1582,0.006276936025627084
1583,0.006291988761543091
1584,0.006118198130595482
1585,0.006152341481677051
1586,0.006135547490222222
1587,0.006232103893249217
1588,0.0062600212976715326
1589,0.006305678400321532
1590,0.005986278651724175
1591,0.006144820645419976
1592,0.006139996499059943
1593,0.006139392439686394
1594,0.006232152408841303
1595,0.006477146715288824
1596,0.006143805342016078
1597,0.006324668993021094
1598,0.006058216426458399
1599,0.006275295443690808
1600,0.006155914773028028
1601,0.006214603651472825
1602,0.006027501682214186
1603,0.005882941853349744
1604,0.006272231946872957
1605,0.006120661078257707
1606,0.00606716878246516
1607,0.00588309462576852
1608,0.0061233645814107885
1609,0.006437761809724241
1610,0.00633609717735484
1611,0.005888750498435634
1612,0.006154349533509526
1613,0.0061605831339829045
1614,0.006276024519308012
1615,0.006117317788066122
1616,0.006063093123483961
1617,0.006172402576401325
1618,0.0059503654779676915
1619,0.006239927300820285
1620,0.0063594445444138375
1621,0.0060600842806999965
1622,0.0061091828945298065
1623,0.006236716065066472
1624,0.006122493518563777
1625,0.005958538680037452
1626,0.006078945419561686
1627,0.006033281495763084
1628,0.00611079583276
1629,0.006203292000849368
1630,0.006146258418053641
1631,0.005974958394259467
1632,0.006088822669649528
1633,0.00610217012630744
1634,0.006051612327317313
1635,0.006049014369452025
1636,0.00595530106536097
1637,0.00612064445651752
1638,0.005866938909926152
1639,0.006152919941518645
1640,0.006120757028160585
1641,0.005871862403937947
1642,0.006082650254306905
1643,0.005835724187525526
1644,0.005879065057389059
1645,0.006024899454471671
1646,0.006095790485772541
1647,0.005689280372018279
1648,0.006010961464322093
1649,0.006167188939890998
1650,0.0058190710447981195
1651,0.005865690061601542
1652,0.0060023476795877445
1653,0.005630422746604782
1654,0.006206194607746172
1655,0.006221784770062541
1656,0.005996249069586017
1657,0.006013381869090184
1658,0.005865912568771233
1659,0.005888678654396938
1660,0.0057410248890677
1661,0.006157300509985978
1662,0.006183635137612158
1663,0.006080664118152048
1664,0.005980440841640456
1665,0.005994488570002555
1666,0.005805076976006819
1667,0.005799146878170007
1668,0.00587460021606757
1669,0.006217075093507262
1670,0.005971639434870143
1671,0.006058329017832875
1672,0.0058510377569029395
1673,0.00580282242360951
1674,0.005963099092418738
1675,0.00573805661406368
1676,0.005698725464753807
1677,0.005659085777351412
1678,0.005905709191920015
1679,0.005804222010044476
1680,0.005934060034263185
1681,0.005710091980537242
1682,0.005558892697790417
1683,0.005807569554328161
1684,0.005781371773899359
1685,0.005844453426662012
1686,0.005975303443353939
1687,0.005556620389096818
1688,0.0060913461236819875
1689,0.005734845250055699
1690,0.005531372273561813
1691,0.005845251205077363
1692,0.005718455582825562
1693,0.005664307630021062
1694,0.005738072734626042
1695,0.0059115850855990994
1696,0.00561270796322911
1697,0.006044752148011604
1698,0.005824331308604549
1699,0.005646436066777146
1700,0.005549034320796698
1701,0.006122176474260198
1702,0.0056917127655913766
1703,0.005972283882467802
1704,0.005879162260236503
1705,0.006114046229444192
1706,0.0058165874778119435
1707,0.005939932836030247
1708,0.00593806607490879
1709,0.005887199812805501
1710,0.0054965977264978625
1711,0.005895213024706533
1712,0.005701027299530047
1713,0.005841200257714649
1714,0.005799581973529342
1715,0.0056107414104991545
1716,0.005388544136421534
1717,0.005740859516170192
1718,0.005662710050720785
1719,0.00564931984596207
1720,0.005571890874939449
1721,0.005582985965440334
1722,0.005632244048529636
1723,0.0056714090613364165
1724,0.005463190293886652
1725,0.005610883768679479
1726,0.005757978929885489
1727,0.005748194533842221
1728,0.005587090580266411
1729,0.0054810797949558345
1730,0.005613886159292217
1731,0.005555966065928213
1732,0.005834958776515924
1733,0.005527303510708577
1734,0.0056359736146247485
1735,0.0056504410221951745
1736,0.0057213590085759
1737,0.005695541330092287
1738,0.005624597081204213
1739,0.005731224413898031
1740,0.005753070552107263
1741,0.0055717101115417686
1742,0.005526258071521455
1743,0.005513432048955711
1744,0.005524314330275155
1745,0.005643773806218247
1746,0.005536156769652488
1747,0.0054693753471976875
1748,0.005764335289329164
1749,0.00538672788179148
1750,0.005758310340629038
1751,0.005531177273951471
1752,0.005726706510867482
1753,0.005402808807695569
1754,0.00570985907886051
1755,0.005673248113638138
1756,0.005668108460051402
1757,0.005410889629274607
1758,0.005612789959078497
1759,0.005509619275502608
1760,0.005748670429812144
1761,0.0054487181310463005
1762,0.005560018649024857
1763,0.005479369843299738
1764,0.005362000377548827
1765,0.005358573120339947
1766,0.005400210851803422
1767,0.005374786084896679
1768,0.005374678726292262
1769,0.005538805756891556
1770,0.005462504104490124
1771,0.0054443048064644305
1772,0.005455276737447386
1773,0.00548780618740593
1774,0.005265109112754591
1775,0.005457600539202912
1776,0.0052706249456821105
1777,0.005428778329248525
1778,0.005399576753330559
1779,0.00536768255415925
1780,0.005411343755579348
1781,0.00566761098778412
1782,0.005317472264770482
1783,0.005446802964828656
1784,0.005432767544920414
1785,0.005514110925891515
1786,0.005372475878082973
1787,0.005471971852831163
1788,0.005545060138486452
1789,0.0054132912970953065
1790,0.005396627083073481
1791,0.0052892265908451655
1792,0.005104255878319175
1793,0.0053441150911089225
1794,0.005281232033019601
1795,0.005628424159929914
1796,0.005117433177212537
1797,0.005284035177822462
1798,0.005258550028853371
1799,0.005476284987230043
1800,0.005353722470749359
1801,0.005274871362262737
1802,0.005432932600142213
1803,0.005293221100454487
1804,0.005414980086813665
1805,0.005232207802661016
1806,0.005161212763149228
1807,0.005416690283139252
1808,0.005286210423761631
1809,0.005241840669364369
1810,0.005191978676860236
1811,0.005260012611762573
1812,0.005317163403082828
1813,0.005205407760390159
1814,0.005023584379498862
1815,0.005148311871719562
1816,0.005212677175068628
1817,0.0050410287261356485
1818,0.004954161384869051
1819,0.0050649350958923665
1820,0.005314683075994253
1821,0.0052758080853244
1822,0.005263302074666372
1823,0.005358724243212807
1824,0.005297944654110756
1825,0.005347571525154478
1826,0.00517955740077137
1827,0.005209958413615823
1828,0.005337730896564485
1829,0.005001438021959769
1830,0.0050408871690505895
1831,0.005154767176294226
1832,0.004985810740914007
1833,0.0049872331585640375
1834,0.005041118627374644
1835,0.005210646864231992
1836,0.0050134714199545774
1837,0.005100735988057518
1838,0.0048253159946367395
1839,0.0050060040045182335
1840,0.005270490105169178
1841,0.005119147669066185
1842,0.0049756986870414625
1843,0.005216104897938795
1844,0.005022365734044273
1845,0.005092962919260865
1846,0.005085581410439464
1847,0.005024890002983985
1848,0.005057880868030302
1849,0.005150804475691738
1850,0.0050444196262475795
1851,0.0050265620703319625
1852,0.00499082276779148
1853,0.005200654874019072
1854,0.005002319159664971
1855,0.004850599620791184
1856,0.0049513286074339335
1857,0.005055930343125079
1858,0.004973304558592706
1859,0.004915719005373954
1860,0.005040171721918603
1861,0.004884567869416738
1862,0.005096104562329918
1863,0.004842963580720884
1864,0.005004694941848264
1865,0.005015011825519851
1866,0.004828172552367767
1867,0.004777979671015894
1868,0.004904205350489434
1869,0.004931320300152115
1870,0.004914298148478492
1871,0.004882838387610548
1872,0.005014847928531847
1873,0.004790648737117269
1874,0.004798393309810909
1875,0.005012966061042527
1876,0.005043676199975534
1877,0.0047848235985453605
1878,0.005157062217545838
1879,0.004747652699302693
1880,0.004687214915451231
1881,0.004906232354341675
1882,0.004813254552388216
1883,0.0046781982863479754
1884,0.005097631217075228
1885,0.005051298214959265
1886,0.0047460131335340565
1887,0.004806910840778659
1888,0.004758865793503948
1889,0.004708646163265458
1890,0.004600577419465881
1891,0.004991667771364673
1892,0.004893730122248753
1893,0.004613079333883095
1894,0.004836990513791472
1895,0.004869212224779619
1896,0.004778998568496209
1897,0.004679911619967828
1898,0.004676682012297718
1899,0.0046169012054895694
1900,0.004676081354619335
1901,0.004866457350899355
1902,0.00482479724993582
1903,0.004961753747489114
1904,0.004899007617495954
1905,0.004682244245610121
1906,0.004675427637205033
1907,0.004624743085607129
1908,0.004888492293056037
1909,0.004721829235569527
1910,0.0047978974515730044
1911,0.004723529080797176
1912,0.004656926012534837
1913,0.004412958465548137
1914,0.00469913573391041
1915,0.004564834466614461
1916,0.004505672140867781
1917,0.004652397326288461
1918,0.004711634071022904
1919,0.0044917078211240595
1920,0.004611707452321583
1921,0.004561777181244629
1922,0.004623543984114619
1923,0.004525675852704099
1924,0.0045731940318561965
1925,0.004425952033439683
1926,0.004667584482438357
1927,0.00454480828662103
1928,0.004401752865336583
1929,0.004623386097314246
1930,0.004414766334328737
1931,0.004488308231298954
1932,0.004376049591544069
1933,0.004477506071344902
1934,0.004553924091712777
1935,0.0044486051764718055
1936,0.004572571348004296
1937,0.0042779273353517056
1938,0.004408185334749899
1939,0.004280498324325151
1940,0.004444084051301924
1941,0.004361640762585073
1942,0.00426664035491077
1943,0.004405571723956678
1944,0.0043899879368590345
1945,0.004330823780037463
1946,0.004255367561353971
1947,0.00443900889180348
1948,0.004554250516328897
1949,0.003986078290805473
1950,0.004516953268972368
1951,0.004304104891084766
1952,0.0042729886086910205
1953,0.00412277892326652
1954,0.004174856577557906
1955,0.004381664643869183
1956,0.003997762071884284
1957,0.0042661345974242286
1958,0.00413049749390743
1959,0.004178469410655483
1960,0.00430117183270217
1961,0.004058232702614771
1962,0.004150191162144608
1963,0.004268642013766251
1964,0.003975567688092084
1965,0.0041460323155368285
1966,0.0040510981698851966
1967,0.004059377697620036
1968,0.004164803327234872
1969,0.0039994470494941385
1970,0.004017602241897987
1971,0.003855386705500847
1972,0.004072092909571099
1973,0.003917587025217333
1974,0.003983227212487136
1975,0.0038627869295650872
1976,0.003925032625606252
1977,0.004073425062924182
1978,0.003897357083880737
1979,0.0038000273407768396
1980,0.003985858157324463
1981,0.0039223764995428715
1982,0.003891372044918017
1983,0.003799134020898807
1984,0.0038165094733427643
1985,0.0038524908802898255
1986,0.0037708438999982455
1987,0.0038336745672464625
1988,0.003611015474573725
1989,0.0037501006371389
1990,0.0038905240362510085
1991,0.0037903025572709106
1992,0.0035511469626325672
1993,0.0037754406497450704
1994,0.0036810353522630946
1995,0.00357020142689442
1996,0.0035743574094879676
1997,0.0036078952548835993
1998,0.0036282822335833463
1999,0.003446574077223254
2000,0.003518374693003815
1,0.6166537987478709
2,0.22142849988856558
3,0.15603130752757444
4,0.13523369048864153
5,0.11747974498292148
6,0.10537086490352275
7,0.09526191159325131
8,0.09052491541636193
9,0.0841441002942748
10,0.08121887095651384
11,0.07682074003426706
12,0.07018929874619186
13,0.06649513605792644
14,0.06236969786932913
15,0.06100507168951681
16,0.056968394224926576
17,0.054447806203516864
18,0.05239259533710399
19,0.050755759543281494
20,0.04873477932760271
21,0.04613530035998862
22,0.04649820862243236
23,0.04398094720633353
24,0.042349436525571146
25,0.04284600660962574
26,0.04124487243529599
27,0.03912069017099122
28,0.038428615241990254
29,0.03941120698227216
30,0.03778761361678273
31,0.0376047411523128
32,0.03689843430420605
33,0.03622920400762962
34,0.03570465827202898
35,0.034762262051009525
36,0.03434893449421151
37,0.03377994214642351
38,0.033025163762523964
39,0.03192481591161025
40,0.03251327310641438
41,0.031774841738328084
42,0.030889615795369876
43,0.031066954262175803
44,0.030524644558712587
45,0.031118029554895427
46,0.030853831793292093
47,0.029804477846976055
48,0.029202143188123985
49,0.02890713956459599
50,0.02817961924030619
51,0.02848989685397532
52,0.02766011674272812
53,0.027971884851359714
54,0.027758349064674417
55,0.028048708324588962
56,0.02700244614822885
57,0.02690635340572414
58,0.02699489542677746
59,0.026932315340549764
60,0.02669694558796236
61,0.025998830061279617
62,0.025674849906462734
63,0.02587412419271166
64,0.025720726083017002
65,0.025657475452428146
66,0.025375720618639963
67,0.025634537466754346
68,0.024553484906900232
69,0.024344523626742727
70,0.024616265401117884
71,0.024571918345735234
72,0.024599487680184134
73,0.02400876996028474
74,0.02420151089239171
75,0.02424676617670615
76,0.02334382180598075
77,0.0229999304796427
78,0.023826130697408975
79,0.02289010454916348
80,0.023342907144609144
81,0.022491964022234336
82,0.02258055490615257
83,0.02353481960214548
84,0.02243663601072158
85,0.022428211258819043
86,0.02214985582346128
87,0.022794217510559295
88,0.021617301345124084
89,0.022133831518812704
90,0.021561270327133647
91,0.022029809022353866
92,0.02164268046143954
93,0.02143917100946024
94,0.021360092125517333
95,0.02145886043939045
96,0.0211903379472383
97,0.020825227556781747
98,0.021081161819461545
99,0.020921824934055745
100,0.020877717891550164
101,0.020597307145658692
102,0.021048810198839942
103,0.020419725651016175
104,0.020515141471967858
105,0.020920887723628243
106,0.020655704385964042
107,0.0205531316904067
108,0.02013879386171446
109,0.020596091667095483
110,0.020042038980429455
111,0.019636460240551476
112,0.019481569670645866
113,0.020248194485587085
114,0.020202690688103944
115,0.019558366593289172
116,0.01951300391485378
117,0.01982182228811464
118,0.019762300617866598
119,0.01905270540392247
120,0.019208835698348487
121,0.019045709821758634
122,0.019473755013955346
123,0.018872953990821617
124,0.019337015005491547
125,0.019409634875354624
126,0.018870288711356913
127,0.018941132178119685
128,0.018883049480175062
129,0.018563927553783534
130,0.0187599679565657
131,0.018742356386225102
132,0.018607709533140317
133,0.01798256530852641
134,0.01884310365007338
135,0.01869037806577349
136,0.018613879403130987
137,0.01814190735566919
138,0.018375144884684832
139,0.01832526170853841
140,0.018067284739749917
141,0.018002363616379642
142,0.017862043011996707
143,0.017891734191295455
144,0.01792833007777394
145,0.01749444547724926
146,0.018202733327397854
147,0.018221408018242506
148,0.017856290224560742
149,0.01773904696485754
150,0.01732113311004083
151,0.017752194114155687
152,0.017477468153367103
153,0.017471825246209816
154,0.01713041666011184
155,0.017388840450636916
156,0.01756897683934135
157,0.01656887596630949
158,0.01701732485760319
159,0.01743531000595224
160,0.016772348465303243
161,0.017242760610593072
162,0.016627598980094416
163,0.01698400748704197
164,0.016753170520888042
165,0.017124250586444543
166,0.016899340588725723
167,0.01662187584502212
168,0.016639667626280906
169,0.016741072711676866
170,0.0165225972137335
171,0.017018583011260982
172,0.01686951447025699
173,0.016261858723552552
174,0.016811396192632996
175,0.01666528144377773
176,0.015995894171992094
177,0.016062061057694383
178,0.016859295422811123
179,0.016011945035119178
180,0.01626795379571238
181,0.01616241181884908
182,0.015905249556052988
183,0.016021901646913108
184,0.016001206443850266
185,0.016501689203462358
186,0.0167625353876817
187,0.015605576936218698
188,0.01609673749623915
189,0.01543401523445875
190,0.0155876622124875
191,0.01599462705238138
192,0.015814455648315913
193,0.01579001137071242
194,0.015318846543145886
195,0.016667086512671184
196,0.01570318296741126
197,0.0153455618469013
198,0.015817761247567202
199,0.01585655223767636
200,0.015407610538620817
201,0.015351089822538829
202,0.01563823244423937
203,0.01515356753558173
204,0.015153807903624188
205,0.015670703360968728
206,0.015793641208339544
207,0.01496104681390827
208,0.015613311893796012
209,0.014797214233174415
210,0.014956557483933234
211,0.01540074457998498
212,0.015184286634548235
213,0.015263019074385955
214,0.014951776689455167
215,0.014947078171012512
216,0.015092548456484988
217,0.015013992944258755
218,0.0147333629508266
219,0.015365714767663661
220,0.015000969092598406
221,0.014882864911993176
222,0.01455654776102658
223,0.01455496559787731
224,0.014960420696790946
225,0.014773552771657705
226,0.014393602521553382
227,0.014383780868660849
228,0.014649029718554122
229,0.014439109673376306
230,0.014705854957386598
231,0.014717822574805153
232,0.014325186499725964
233,0.014870192863489106
234,0.014792711205654225
235,0.0143043702957615
236,0.014316273632190995
237,0.014322991514483751
238,0.014240042046028174
239,0.014194811489117347
240,0.014270119755765644
241,0.014366202253722033
242,0.014459693646531994
243,0.014198823638607637
244,0.014711133417499772
245,0.014075245593784976
246,0.014266250094682988
247,0.014232491979659614
248,0.01398887483687219
249,0.013966611270808567
250,0.01446988233917598
251,0.01419162743140833
252,0.013838969841915167
253,0.014110503442017204
254,0.014204787062796749
255,0.014130669038237656
256,0.014107276409296161
257,0.014336609293438368
258,0.013764567582441841
259,0.013841625121501038
260,0.014595490343616171
261,0.013973903846216657
262,0.014084898085349191
263,0.013960527784932973
264,0.013818922160603738
265,0.013857547612071542
266,0.014078149137923778
267,0.014163290572715766
268,0.013729311529767968
269,0.01327400108388925
270,0.01391614803065688
271,0.013769242608667178
272,0.014100834632576522
273,0.013685467597728564
274,0.013861456664942078
275,0.013677651915004698
276,0.013528569940856452
277,0.01347462518803649
278,0.01357253756910815
279,0.014127274746296265
280,0.013874580219419579
281,0.01339123445026324
282,0.013608211730370077
283,0.013290130426728372
284,0.013353694044842811
285,0.013640908832204039
286,0.013095650908742415
287,0.01377188814093627
288,0.013927444634106705
289,0.012978800091008514
290,0.013398566441136902
291,0.013466892373290355
292,0.013386358964746282
293,0.013368039715530003
294,0.013106486219439214
295,0.013571097551039973
296,0.01311180290718705
297,0.012973349221776856
298,0.013005517628359593
299,0.01330373830446121
300,0.012913169098575995
301,0.013161881799194015
302,0.013437203743289841
303,0.013384148983632103
304,0.013516824593830664
305,0.01309197200698999
306,0.012890202790435594
307,0.012430809911782458
308,0.01249962666277158
309,0.013106866349008376
310,0.013252945293246185
311,0.013451531628083628
312,0.013469450617745772
313,0.0126980015400292
314,0.013103254782667353
315,0.01260100188665092
316,0.013238223510305002
317,0.012698772975038422
318,0.012700170973094843
319,0.012861827530471956
320,0.012966936312110747
321,0.012730157077786023
322,0.013036894552820063
323,0.012791469606365694
324,0.012735134515500927
325,0.012683629705491712
326,0.012720655906408772
327,0.012760237336821727
328,0.013130467460032994
329,0.012219653950246462
330,0.012426352669027144
331,0.012435579151546552
332,0.012927076171578492
333,0.012506176504480132
334,0.012716147215973776
335,0.012564783619906185
336,0.012880889533119182
337,0.012496223408823549
338,0.012577625094139474
339,0.012346191627715351
340,0.012516158206735626
341,0.012260046613923574
342,0.012433801240966482
343,0.012516026941554273
344,0.01261158287525177
345,0.012478517636783043
346,0.012763638297979862
347,0.012995821731638605
348,0.01284686717504667
349,0.012135094840679381
350,0.012452429357789835
351,0.012019139594177447
352,0.01257885124344947
353,0.012065214590343126
354,0.012092288090231813
355,0.012555375379526008
356,0.012449478916034607
357,0.012031222831741985
358,0.012188051065619467
359,0.012339476444679549
360,0.012140351083224355
361,0.012446831592153443
362,0.01211348585626584
363,0.011889005817820207
364,0.012177859204110958
365,0.011733077375723397
366,0.011956334690231893
367,0.012176025102420126
368,0.01224938566970118
369,0.0117907982943106
370,0.01215880608849101
371,0.012088554197038382
372,0.012269149873784538
373,0.012268573432466236
374,0.012037068080567455
375,0.012224540911551755
376,0.012462951641498228
377,0.011908293022947797
378,0.011528552324369045
379,0.012207408396179899
380,0.011941202742568517
381,0.011500793067201719
382,0.012076431001394482
383,0.011971587062639705
384,0.011462015230050785
385,0.012058918324883207
386,0.011837163174493332
387,0.011790341658170446
388,0.011532269323528823
389,0.011495038693360353
390,0.011863287905294258
391,0.011467222534751489
392,0.01224936435583158
393,0.011570759685867923
394,0.01136449741010191
395,0.012024109508305535
396,0.011750523218001097
397,0.012122925027605083
398,0.011539156225083743
399,0.011864986033889196
400,0.011393319112959049
401,0.011581498620463378
402,0.011749384522248628
403,0.01199905116947652
404,0.011472883579021289
405,0.011333205161016371
406,0.011884213705405088
407,0.011885593396658867
408,0.011835354238243426
409,0.011488343640309522
410,0.011700406919186146
411,0.011890729999769542
412,0.011759299848039272
413,0.01132087841614197
414,0.01143548539366131
415,0.011599806855606326
416,0.011987523511209982
417,0.011541691916536981
418,0.011588866913186039
419,0.011546178586717885
420,0.011696436339831454
421,0.011589199718940308
422,0.011186315875374159
423,0.011592506249514172
424,0.011784599048196006
425,0.011228174677560642
426,0.011705210535013574
427,0.011889075615711637
428,0.010994685750644086
429,0.01127248814219009
430,0.011202511117178
431,0.01130990297691423
432,0.011378823704544013
433,0.011564807405979451
434,0.0112269822176609
435,0.011435168388820553
436,0.011212061194829264
437,0.011381677403193662
438,0.011405312191789686
439,0.011474410064076469
440,0.011558362622192855
441,0.011256805139641135
442,0.01166802606845306
443,0.011486395605508301
444,0.011143972165882587
445,0.011225089849114923
446,0.011553105389131076
447,0.011650387821245497
448,0.01115969920499345
449,0.011309436995978072
450,0.01158657679097506
451,0.01107600221205187
452,0.011031429662163986
453,0.010941717517167583
454,0.011411447804105483
455,0.010794253550248883
456,0.010863230307191864
457,0.011007653482226749
458,0.010996202097700561
459,0.011177505062640472
460,0.010924592807541713
461,0.011163798314756003
462,0.011237319397061305
463,0.010814339972211647
464,0.01083134287984063
465,0.011452730555655592
466,0.01075000622530736
467,0.011336016050397845
468,0.010877372566768425
469,0.011028153490338284
470,0.01120785501848717
471,0.010806472474803864
472,0.010988009545036544
473,0.011333462032410552
474,0.010874396509696113
475,0.010923777691135972
476,0.010866876561352509
477,0.010875070376826798
478,0.010911290624605144
479,0.010696173290390585
480,0.010652948431354963
481,0.010860064199146957
482,0.01062111210441059
483,0.011078328991277238
484,0.010831789030709256
485,0.011129932939785264
486,0.010769936086420538
487,0.011034240961958796
488,0.010701569760123552
489,0.010800076009295249
490,0.010695600732213865
491,0.010991952650375286
492,0.010910841403529048
493,0.010976059729296524
494,0.01043147039284014
495,0.010984509650586267
496,0.010950473089844493
497,0.01075206835896282
498,0.011201768928065391
499,0.010801992761918296
500,0.01060012853467616
501,0.01064237508275625
502,0.010976488848011626
503,0.010965216565498356
504,0.010721569134995846
505,0.010659008452637215
506,0.010885998784264519
507,0.010593474893909643
508,0.010849301213935271
509,0.010677707184232393
510,0.010479960148617372
511,0.01067745110209463
512,0.010912012139145853
513,0.010689170628596666
514,0.010220271815403791
515,0.010983769714800735
516,0.010743700224369511
517,0.010428943391100077
518,0.010707062716453762
519,0.010544370338952138
520,0.010394308021513083
521,0.010482629382256733
522,0.010316737331607836
523,0.01065216561921446
524,0.010553384183953374
525,0.011012710555914348
526,0.010515477038698933
527,0.01073573545900063
528,0.010645667047602898
529,0.010750940799618424
530,0.010475467669509225
531,0.010326173085466786
532,0.01029191433720417
533,0.010124124791788853
534,0.010531151742216641
535,0.01042377419169929
536,0.010515414241511943
537,0.010531595043869595
538,0.010418367430062617
539,0.010490399862292334
540,0.010416185605671193
541,0.010566741133392867
542,0.010654344053749563
543,0.010223975286708546
544,0.010479499909521664
545,0.009983677085552175
546,0.010403747753224384
547,0.010386425378274614
548,0.009762933465920515
549,0.010287461206474799
550,0.010102955758634765
551,0.010465058142919157
552,0.01065516349528048
553,0.010020223994723569
554,0.010451295223655337
555,0.009740165841244793
556,0.010283648178486501
557,0.010377294348426542
558,0.01023476398786751
559,0.010398876131117597
560,0.010311721386072241
561,0.00979900678572387
562,0.010352857864730187
563,0.010378962875959479
564,0.010282173910636013
565,0.010168461101445354
566,0.010588636408733615
567,0.010407073281200255
568,0.010134002718664074
569,0.00980089326641696
570,0.010344256145753345
571,0.010289839291313694
572,0.010458695477316692
573,0.009607297044752513
574,0.010237422396855081
575,0.010382907666360675
576,0.010517706861719489
577,0.010080448726697241
578,0.009881398703713538
579,0.010079942710729222
580,0.010319719497524834
581,0.010160350939258933
582,0.010336118383269947
583,0.010152125399622876
584,0.00989706746413041
585,0.009938465419493742
586,0.010300042095862456
587,0.010311817158392425
588,0.0096263592762841
589,0.009874188688473177
590,0.009906612537895976
591,0.00994979842344962
592,0.00996211081569604
593,0.009730529462350375
594,0.010147722185415736
595,0.009773331729821482
596,0.010363554554375804
597,0.009887170346485357
598,0.00987300102330618
599,0.009828422530317458
600,0.010386178996098243
601,0.010005528344062426
602,0.009788102825503733
603,0.01009339607573288
604,0.010432429698501097
605,0.009987740465676633
606,0.009580154721704075
607,0.009464404439174776
608,0.01022640404180955
609,0.010283164636595017
610,0.009852456690554144
611,0.009662005758323407
612,0.010502234385427783
613,0.010436070688321428
614,0.010021514626283009
615,0.009877374553579395
616,0.010002125551829399
617,0.010036635615121005
618,0.010231659301730284
619,0.009782115703890636
620,0.009814468776744049
621,0.009628828607057617
622,0.010108475735158487
623,0.009918049778947132
624,0.01011569548982306
625,0.00967062696798752
626,0.009562984878449874
627,0.009853993443835337
628,0.00981762327680017
629,0.009763473786918794
630,0.00946397244756631
631,0.009645662171829302
632,0.00998460705060575
633,0.009524588623099912
634,0.00988006277278192
635,0.009310147318578625
636,0.009935754939313915
637,0.009740528840003378
638,0.009705550917345335
639,0.009296342138579841
640,0.009902719613480366
641,0.009577984203410855
642,0.009847150227623218
643,0.009312403289664347
644,0.00954304777196277
645,0.009705476036642567
646,0.010116454537452782
647,0.009597840580805126
648,0.00964597068427099
649,0.00959050080786317
650,0.009694304364591332
651,0.009643566206697438
652,0.009509641645570933
653,0.009806723519370465
654,0.009762754415209263
655,0.009776855349319718
656,0.009794575829153596
657,0.00945874214393355
658,0.009573347720522749
659,0.009662364274105531
660,0.009270344237339193
661,0.009403586032468889
662,0.009523069841187384
663,0.00924286512279157
664,0.00955714922303618
665,0.00949020345963664
666,0.009437861860240414
667,0.009693264112792026
668,0.009360377404491528
669,0.009415225990085025
670,0.009603484139098959
671,0.009443344686464485
672,0.009444531826775963
673,0.009806463534359709
674,0.00917804938093838
675,0.00931793967088274
676,0.009820418578367365
677,0.009375611710819905
678,0.009544171167979553
679,0.009579660485388112
680,0.00942983110908861
681,0.009541807731739798
682,0.009613139894238468
683,0.00961446093584774
684,0.009424539286864259
685,0.009564943047303516
686,0.009551941255360083
687,0.009752578824221834
688,0.009363300163077853
689,0.009301962042858793
690,0.009471731390646202
691,0.00925800743733801
692,0.009399347224320143
693,0.009464726522880591
694,0.009509123613173931
695,0.009476704230942464
696,0.009659808634196297
697,0.009574944733531546
698,0.009329075269969338
699,0.009579335615607136
700,0.009254033247135201
701,0.009249368374693697
702,0.009344551290022367
703,0.009707905206103193
704,0.009095931650628731
705,0.009236998796873426
706,0.009355550391157553
707,0.009220649602712464
708,0.009334175141086266
709,0.009738659359893556
710,0.009934491004352853
711,0.009360160094575357
712,0.009389506360926366
713,0.009019766807934995
714,0.009155326286109827
715,0.008793686346892836
716,0.009293414514227692
717,0.009767878173171715
718,0.00936950717152933
719,0.009245188784454081
720,0.009162424933323162
721,0.009607556674597879
722,0.008949943522180794
723,0.009445426559422985
724,0.009082734845262968
725,0.009225497539234111
726,0.009208673631014713
727,0.009070917739043548
728,0.009183455065240041
729,0.009123503913218945
730,0.009528248882615718
731,0.009510318507929728
732,0.009375195681922516
733,0.009158973392667406
734,0.00909308060388065
735,0.009426221156776961
736,0.00928048069699336
737,0.00951033005475114
738,0.008830388171314183
739,0.009298656672491865
740,0.009324872219082663
741,0.009381947478563604
742,0.00909712098112677
743,0.009229745877654119
744,0.008871040401696149
745,0.009226550004776504
746,0.008953782895548363
747,0.009072702630596646
748,0.00898111973873387
749,0.009362089538441623
750,0.008913663764468442
751,0.009120505867462795
752,0.009042251089556237
753,0.009286245106230094
754,0.009140382390627163
755,0.009360504403741936
756,0.008957332351355481
757,0.009083172393236624
758,0.009222209358871993
759,0.009299165488347033
760,0.00899171820147184
761,0.009129902557075277
762,0.008873770045021833
763,0.009057376774469926
764,0.00932182621021392
765,0.008747513496743168
766,0.00890436065698958
767,0.008986426146416846
768,0.00923611059137699
769,0.009230865082719315
770,0.00892473109287478
771,0.009042848213339004
772,0.009513743671635955
773,0.008630245616185968
774,0.009308394103831911
775,0.009209072422551907
776,0.008829105582277653
777,0.009170651345087563
778,0.008814640753602578
779,0.009142621199332051
780,0.008760265074670315
781,0.008994120169209979
782,0.008895509779626914
783,0.0089166212306058
784,0.009256627319885765
785,0.008872557557740454
786,0.00940172375037761
787,0.009170188730330034
788,0.008984896137331755
789,0.009017125146968638
790,0.008704093379615727
791,0.008743878335581493
792,0.009138150069610043
793,0.00898419142606021
794,0.008645704513320984
795,0.008882852472459613
796,0.009003873204149433
797,0.008819424669589784
798,0.00920222198069727
799,0.009045062673483359
800,0.009078095035659055
801,0.009167666689066564
802,0.009148110150185934
803,0.008723629417560868
804,0.009019456557156044
805,0.00861017040955692
806,0.009058492723852396
807,0.009223228531605485
808,0.008302568177834658
809,0.008496105193428822
810,0.008932630369692282
811,0.008596410303992235
812,0.00879144023361979
813,0.008654113272915325
814,0.00836676487825432
815,0.008751467971320627
816,0.008783800555077397
817,0.008407742171785084
818,0.009035241529661215
819,0.00849925488691335
820,0.008625313690942476
821,0.00864278516826867
822,0.008951051863131382
823,0.008620839538368381
824,0.008823560830994935
825,0.008754777680624718
826,0.008750651347435127
827,0.008699753905756998
828,0.008901241340011485
829,0.00886989569970233
830,0.009144025014208282
831,0.008579731741288708
832,0.008850512513101606
833,0.00869321400867933
834,0.008867162820425326
835,0.008208491543497322
836,0.00864892307732065
837,0.008567679547152277
838,0.008500845826594002
839,0.008917216562776494
840,0.008944932631832563
841,0.008762211755896776
842,0.008604132826834664
843,0.008552744294027402
844,0.008931489720530176
845,0.00844764283668818
846,0.008550276206332749
847,0.008644651526869353
848,0.008616321250575326
849,0.008890063205923317
850,0.008397259054926493
851,0.00876058813705409
852,0.008916798813300113
853,0.008536776563278952
854,0.008816150253859617
855,0.008561514969125895
856,0.008638874852587864
857,0.008689275007473967
858,0.008583785235976516
859,0.00836828947698666
860,0.008745004063850995
861,0.008789189558444639
862,0.008582966157503553
863,0.008614425279073796
864,0.008460269802865588
865,0.008583137966787158
866,0.008341230517174354
867,0.00867371303345061
868,0.008612936145578653
869,0.008592531495427682
870,0.00862835243470588
871,0.008631123407443955
872,0.00852067030421695
873,0.008584105634619877
874,0.008256985762519604
875,0.00851183177082468
876,0.009105098927077853
877,0.008151627638992869
878,0.008594396318924629
879,0.00852118867402107
880,0.008921418800729058
881,0.008385868565479324
882,0.008395870184620558
883,0.008659818438592098
884,0.008440112201812662
885,0.008258523261648113
886,0.008244043571274664
887,0.008415629783392711
888,0.008541356006605645
889,0.008746673132024579
890,0.008944307446037815
891,0.008825782793021555
892,0.00871977798040893
893,0.008532868248363168
894,0.008637115098851718
895,0.008658488200172404
896,0.008556638015591997
897,0.008275763628909649
898,0.008368737261616072
899,0.008468915459747284
900,0.00832074051091479
901,0.008318281136611002
902,0.008863646004317422
903,0.008601039502043592
904,0.008566386610964092
905,0.008599376886041236
906,0.008378679848323434
907,0.008090247301447947
908,0.008304105090940277
909,0.008153986150272569
910,0.007858881198059199
911,0.008508301320312134
912,0.008381924134189799
913,0.008321012105887472
914,0.008186497843934822
915,0.008590416047501109
916,0.008257728488326578
917,0.008030035864498656
918,0.008470716795457875
919,0.008580091535666232
920,0.008400858277297122
921,0.00821773930831607
922,0.008270372893124565
923,0.008033135763795699
924,0.008411721405336412
925,0.008316357525349673
926,0.008440135465145616
927,0.008179096059116014
928,0.008420713920682922
929,0.00820076975071708
930,0.008309613226644568
931,0.008565867232884897
932,0.008556164899777811
933,0.008490010736889
934,0.008602460798949508
935,0.008094581057143918
936,0.008184191470934172
937,0.00841056423309117
938,0.008603309667906013
939,0.008455555479563141
940,0.008195685402300777
941,0.008545851796644471
942,0.008711193932883315
943,0.00853141602839075
944,0.008333886298745617
945,0.008354755982725044
946,0.008149641001660187
947,0.008175711690100953
948,0.008200563920535526
949,0.008377330788111283
950,0.008324684979693995
951,0.00813505943012187
952,0.008237154112528946
953,0.008429323169166001
954,0.008244104959638947
955,0.008337562844567633
956,0.008116877183981113
957,0.008386698579099976
958,0.008229487200693811
959,0.008159590995539043
960,0.00786964588609161
961,0.00802274225911094
962,0.008506097262567383
963,0.008533364268398638
964,0.008157404037034613
965,0.008067293155748965
966,0.008210714223747284
967,0.008103296470481082
968,0.008002591252295395
969,0.008160555691821343
970,0.008288114292199835
971,0.008149766321767563
972,0.008023449128998791
973,0.007843745852646938
974,0.008723512635234807
975,0.008028581280703261
976,0.008106215268973324
977,0.007908819858931888
978,0.008010529589413081
979,0.008490006644594468
980,0.008143420808680229
981,0.008227426006253494
982,0.0082472658447795
983,0.0078003918317983215
984,0.008118477026474172
985,0.00802538505266026
986,0.008129328181493586
987,0.007770930606303579
988,0.008372526461953076
989,0.007988578201887213
990,0.008111492201875327
991,0.008062201469221104
992,0.0076614388390996695
993,0.007858336776873823
994,0.008335348309443916
995,0.00796945866244703
996,0.008432294845865187
997,0.008249870193648642
998,0.007964317469810278
999,0.008227839268807132
1000,0.007890208758476932
1001,0.00792273013631545
1002,0.007954506606052993
1003,0.008073510037798244
1004,0.008131738775804385
1005,0.008110692160267193
1006,0.007993485454975044
1007,0.00787505832642822
1008,0.007833036069237327
1009,0.008006918561739563
1010,0.0076051769636066285
1011,0.007600637492171283
1012,0.008274059596676694
1013,0.008413937297981169
1014,0.008161015445524352
1015,0.0078585013407835
1016,0.008060502204096924
1017,0.008259983958234475
1018,0.00770569485967379
1019,0.007939364222446614
1020,0.008040555208226887
1021,0.0075646739224192955
1022,0.0082132281435622
1023,0.007807689523561147
1024,0.007781434168849709
1025,0.0077743328381645474
1026,0.00796590012624481
1027,0.007900395256988072
1028,0.007709287631846333
1029,0.008064192877608841
1030,0.008005779573962219
1031,0.007965381348000492
1032,0.007740838561696395
1033,0.007704624420789592
1034,0.007705825972923283
1035,0.008005690950332052
1036,0.008049529251026906
1037,0.00824789721045201
1038,0.008062128395915536
1039,0.007936673736105026
1040,0.007554733995506067
1041,0.007992343791618438
1042,0.008195209877281371
1043,0.00766381536910342
1044,0.007901562654050225
1045,0.007879662003873264
1046,0.008190310009660483
1047,0.007669810643735326
1048,0.008081537706903735
1049,0.008125342951566613
1050,0.007558533235184722
1051,0.007954639522753403
1052,0.008077378893839353
1053,0.00788951406878877
1054,0.007924970776095228
1055,0.008020100961202535
1056,0.0076395470759499885
1057,0.007972753616602365
1058,0.008181702779700695
1059,0.007634320560748042
1060,0.007940136267156419
1061,0.008041094305877716
1062,0.007783447380446024
1063,0.007954928556346667
1064,0.007834668780313962
1065,0.007823020237561125
1066,0.0082377460153805
1067,0.007773624650218477
1068,0.0076804891429936226
1069,0.0075695124411387215
1070,0.007811744135046788
1071,0.007786677712258898
1072,0.00795000091873867
1073,0.007674910824635397
1074,0.007841091618825824
1075,0.007786127312456147
1076,0.00758515289684726
1077,0.007986185580918218
1078,0.007607211883700752
1079,0.007514811266939771
1080,0.0079943963693518
1081,0.007546475622802973
1082,0.0075531920725953276
1083,0.008276435424242232
1084,0.007710684465749537
1085,0.007858646031216545
1086,0.007616657412500452
1087,0.008063727693821666
1088,0.007780452026054263
1089,0.007723716004767408
1090,0.007669481579056483
1091,0.007874908734712813
1092,0.007521803433596456
1093,0.00793699698396406
1094,0.007654928716720413
1095,0.007623850770484088
1096,0.007864828758194284
1097,0.007918838360267928
1098,0.007610857334792993
1099,0.007748964254476003
1100,0.007722817708627652
1101,0.0075447524037464695
1102,0.007320638799297986
1103,0.007717062328484351
1104,0.0076735708980931565
1105,0.007697791358361305
1106,0.007934426561282095
1107,0.0074059680041115164
1108,0.008079764535808462
1109,0.007470785123217157
1110,0.007970104248547074
1111,0.007835808296893107
1112,0.007548157648593819
1113,0.007724190632007637
1114,0.007823008365171441
1115,0.0076433289519874225
1116,0.007642850394250225
1117,0.007601949808550841
1118,0.007592239314532381
1119,0.007771985029201891
1120,0.007450585829693887
1121,0.007631032220561499
1122,0.007624494006573144
1123,0.00776564784474292
1124,0.0073459708009515024
1125,0.007736648125100439
1126,0.007004093623451762
1127,0.00757027054166074
1128,0.007453462475973924
1129,0.0077078541054122025
1130,0.0076349999585930825
1131,0.007428153313428037
1132,0.007256630450976476
1133,0.007434624476137303
1134,0.0076386361181641285
1135,0.007704279791974163
1136,0.007510097377728355
1137,0.007475756671106033
1138,0.007645215128816791
1139,0.0076643419511205815
1140,0.007457127549953885
1141,0.007661568813846778
1142,0.007589865077318529
1143,0.007641892260635051
1144,0.007282932823665945
1145,0.007438086606641063
1146,0.007743946884332572
1147,0.007478429097287609
1148,0.007434494815119621
1149,0.007413702237546065
1150,0.007322105123282616
1151,0.007305733287328128
1152,0.007338959861830887
1153,0.007657879608351801
1154,0.007421475065619511
1155,0.007737160378167311
1156,0.007474992343350866
1157,0.007420823575881452
1158,0.0075994427158039505
1159,0.0074831859417796385
1160,0.007275243858033318
1161,0.007692827497829951
1162,0.007410567504416962
1163,0.0073470177259138325
1164,0.007306441161544773
1165,0.007464461348224747
1166,0.007316298297432773
1167,0.007743715472377332
1168,0.00734281914221849
1169,0.007519532298921781
1170,0.007623126562605849
1171,0.006962918798770692
1172,0.007370449874897377
1173,0.00739936819852535
1174,0.0073613287265396725
1175,0.0074466720807476565
1176,0.007012734292232889
1177,0.0073851655213698995
1178,0.007701142596365031
1179,0.007405602014071103
1180,0.007592400906891641
1181,0.007765812903911002
1182,0.007283701640316996
1183,0.007473905626053022
1184,0.0075646543705646515
1185,0.007448715846433099
1186,0.007516725383446378
1187,0.007145771441065659
1188,0.007457245121536366
1189,0.007292090248221816
1190,0.007493771362055282
1191,0.007325834926154654
1192,0.007531094039253638
1193,0.007854214991774347
1194,0.007462262292392552
1195,0.007379790193843261
1196,0.007644756251188405
1197,0.007480345993949953
1198,0.007362786530501256
1199,0.007183040723094117
1200,0.007199506164859917
1201,0.007381303399659188
1202,0.007180546254503651
1203,0.007173173760963699
1204,0.007600353701213785
1205,0.0073405444184002485
1206,0.007327387965742057
1207,0.007578623469255991
1208,0.007297260006021519
1209,0.007191616846485284
1210,0.007421461466731409
1211,0.007293716191424657
1212,0.007494312221721067
1213,0.007344655672845952
1214,0.007017873320333912
1215,0.007174104815191131
1216,0.007039779767599273
1217,0.007251550332974579
1218,0.007410278987786654
1219,0.007401467079959683
1220,0.007303801860455108
1221,0.007344422711974988
1222,0.007301175678780271
1223,0.007036173609637861
1224,0.007134649129110878
1225,0.0070694083864879555
1226,0.007183722253904631
1227,0.007563394407536519
1228,0.0071532937729636495
1229,0.007322311158670838
1230,0.006927091511897743
1231,0.007364081025470869
1232,0.007443696471578363
1233,0.007337070689773408
1234,0.007322453946995912
1235,0.0069119403083508805
1236,0.007419175154655793
1237,0.0070984279066008535
1238,0.0071119980499842915
1239,0.0069875440864145
1240,0.007298625370298149
1241,0.00701353054343707
1242,0.007385566653052377
1243,0.007341770496677166
1244,0.007367085827261967
1245,0.0071934066610252955
1246,0.007381708625609339
1247,0.007111920837028805
1248,0.0073739988176878225
1249,0.007241652341228042
1250,0.007163026816038005
1251,0.0071317156149327
1252,0.007199342559896789
1253,0.0069244838422322175
1254,0.007207129774141615
1255,0.007053817052125804
1256,0.007392014209102145
1257,0.007085280567881162
1258,0.0071495298742143025
1259,0.006796865520793629
1260,0.007190297843130715
1261,0.006903168001464742
1262,0.007375832568159548
1263,0.00706613666606846
1264,0.007185098312605741
1265,0.006964210937809893
1266,0.007005676741601299
1267,0.007269617193773136
1268,0.006886137365284613
1269,0.006914243986040859
1270,0.007192328593977806
1271,0.006850972931469017
1272,0.007291394842283453
1273,0.007057485322594263
1274,0.007025474672584589
1275,0.007006994515688995
1276,0.0072199533697438695
1277,0.007666885825189746
1278,0.007105534448351522
1279,0.007169822947185297
1280,0.006960150821260729
1281,0.00707458601712044
1282,0.007184048824533188
1283,0.006869039506162122
1284,0.0069057896685928615
1285,0.006890654944720031
1286,0.007043092000550764
1287,0.00703341844175958
1288,0.007088871451757722
1289,0.007175738885761949
1290,0.006905718355329107
1291,0.00714501123125586
1292,0.006979685487872842
1293,0.007094094786256299
1294,0.00720784361908307
1295,0.007101644990744733
1296,0.007144515931416871
1297,0.007046337286799641
1298,0.007096190488960405
1299,0.007047558400653682
1300,0.007109694214443029
1301,0.0070740901391511245
1302,0.006847845319405956
1303,0.0072206083006399165
1304,0.006622879627807918
1305,0.007197173047905504
1306,0.0069405927788466215
1307,0.006743650784779151
1308,0.007253503870866183
1309,0.006516247076156028
1310,0.0068466049851849675
1311,0.006801734197000831
1312,0.006729127590591877
1313,0.006997442934504252
1314,0.006854828439210936
1315,0.006884942354113495
1316,0.006935461132266259
1317,0.007068799398208069
1318,0.007113059443989926
1319,0.006822113796153059
1320,0.006805870232124955
1321,0.007166872781669816
1322,0.007222996229479499
1323,0.006962950795225926
1324,0.007037567146422373
1325,0.00736499957393034
1326,0.00678526331331202
1327,0.007119127722867465
1328,0.0071101004999699225
1329,0.00710048838281783
1330,0.00701180066502953
1331,0.006704936526179061
1332,0.006929101925580052
1333,0.007013192001761774
1334,0.006872873106118986
1335,0.007076144838011113
1336,0.007062190640480968
1337,0.006915011322836124
1338,0.006802431832588577
1339,0.006893308189997481
1340,0.006979407543332269
1341,0.007031618224819965
1342,0.006782316095669264
1343,0.006963902011008586
1344,0.006884319510437169
1345,0.006746120958083893
1346,0.00687606010972759
1347,0.007014178943236248
1348,0.006708592326396098
1349,0.006852135849500991
1350,0.006684786553289425
1351,0.007187084884824768
1352,0.006614066090166442
1353,0.0069182490401159405
1354,0.006903241297735249
1355,0.006876484717842255
1356,0.006667006135349936
1357,0.006943014971280502
1358,0.007040784741609784
1359,0.006800086762345696
1360,0.006761377813468166
1361,0.0068954309977401615
1362,0.006641009153593016
1363,0.006614653922428014
1364,0.006985688376856052
1365,0.0066483518605957095
1366,0.006761569048325389
1367,0.00652403580774632
1368,0.006761749647952364
1369,0.007284359004095954
1370,0.006985270086739023
1371,0.006686671911265259
1372,0.007060380419716239
1373,0.006791879458479204
1374,0.006917042647867258
1375,0.007011669058494775
1376,0.0068799524126037705
1377,0.006870653081716875
1378,0.006472447529924497
1379,0.006772935449666643
1380,0.006662225040954427
1381,0.0068876600461238524
1382,0.0067503220634534955
1383,0.006999092437011205
1384,0.006768851280528105
1385,0.006806190315065748
1386,0.006671800688540531
1387,0.006805458040986904
1388,0.006671384091378521
1389,0.006653434817947574
1390,0.006836649774321181
1391,0.006707483650011532
1392,0.006670538164375318
1393,0.006484559821990966
1394,0.006743556525858151
1395,0.006821827339482004
1396,0.0064854458136231466
1397,0.007148016052778369
1398,0.00676224972673897
1399,0.0067744082317419225
1400,0.006854837564988283
1401,0.0066722477352151935
1402,0.006695075144091526
1403,0.006738284707337745
1404,0.006666796796923598
1405,0.006544232909109885
1406,0.0066696881292924535
1407,0.0062224108082542225
1408,0.006754885782819178
1409,0.006847829187004748
1410,0.006483643836641716
1411,0.0066099844308633166
1412,0.006561751479393471
1413,0.006889120928185471
1414,0.006893480425479554
1415,0.006435813632856865
1416,0.006567746440295951
1417,0.006535555352456868
1418,0.006699528367558526
1419,0.006547370850566333
1420,0.006657050571293901
1421,0.006707004370104711
1422,0.006461974555010892
1423,0.0065254109469637025
1424,0.0065791984759586844
1425,0.0065868609995281295
1426,0.0068008911132938785
1427,0.006721401825878706
1428,0.006498823840155313
1429,0.006742220772509226
1430,0.006490696864834024
1431,0.006591401867947336
1432,0.00674890797837811
1433,0.006427246110387526
1434,0.006794288032293572
1435,0.007013969368032984
1436,0.006663835978419599
1437,0.006489567354053132
1438,0.006478113791179228
1439,0.00671759816044468
1440,0.006444217848307374
1441,0.006437678381374453
1442,0.0066056347381071015
1443,0.00636397838253149
1444,0.006985835178550017
1445,0.00655938357004296
1446,0.006631169618123164
1447,0.006465581225988976
1448,0.006961243765791721
1449,0.006592636578716338
1450,0.006271033668180264
1451,0.006611828668579712
1452,0.006926068152158947
1453,0.006393556037160047
1454,0.0065415371761862505
1455,0.006391734816133976
1456,0.006376431978670723
1457,0.006733166620182663
1458,0.006092066598377364
1459,0.00679396853340253
1460,0.006574809630164656
1461,0.006754293994409806
1462,0.006006670403452117
1463,0.006486124532707667
1464,0.006532510594559549
1465,0.006450314252337409
1466,0.006384889826068055
1467,0.006639792516796013
1468,0.0066654901888410925
1469,0.00644533043940378
1470,0.006531213252347404
1471,0.006565736346262492
1472,0.006627428256590866
1473,0.00645583279833387
1474,0.006245147778210625
1475,0.0066421141125798475
1476,0.006375028516986739
1477,0.006211853763719989
1478,0.0064361729181639975
1479,0.006466203890109466
1480,0.006382842968470591
1481,0.006422586064249025
1482,0.0063916439569350015
1483,0.006649689046445035
1484,0.006356879186784944
1485,0.006552834977332692
1486,0.006287042388960846
1487,0.006510571399072217
1488,0.006244250077959466
1489,0.006272114132594128
1490,0.006343391274054677
1491,0.006177021496360964
1492,0.0061196875363840894
1493,0.006378248941658412
1494,0.00607529441999682
1495,0.006471163873418661
1496,0.006532803734259332
1497,0.006491110080032278
1498,0.006339157483603616
1499,0.006298671454838398
1500,0.006380046782936207
1501,0.006197942280747249
1502,0.006381689278819299
1503,0.0063962205648580095
1504,0.006310319581258474
1505,0.006210275497524289
1506,0.006548308242522812
1507,0.006546382401612098
1508,0.006328914717029212
1509,0.0063787928064180125
1510,0.006178120145242725
1511,0.006350699827958972
1512,0.006160325268125635
1513,0.006506568979140434
1514,0.006303586002628682
1515,0.006304690685375767
1516,0.006537346305499263
1517,0.006324429842406663
1518,0.0061966990834986
1519,0.006670153088141549
1520,0.006174943802515202
1521,0.0063506150953629515
1522,0.006218921178083678
1523,0.006243855242570073
1524,0.006279959426245699
1525,0.006045775051954818
1526,0.006391848135597499
1527,0.006597915946474394
1528,0.006201772621075101
1529,0.005928345496166434
1530,0.006281983849229449
1531,0.006213163144065667
1532,0.00630323684940083
1533,0.0060240710785580895
1534,0.006141149949961168
1535,0.006138451815724878
1536,0.006070552178721686
1537,0.006330539594735887
1538,0.006261062962239829
1539,0.00616558486303725
1540,0.006522287022701259
1541,0.006123873837276409
1542,0.006306403663830232
1543,0.006010457881236986
1544,0.006048265546639213
1545,0.006105833025885967
1546,0.006225222911117441
1547,0.005990635007777709
1548,0.006332429840182096
1549,0.006417156948897419
1550,0.00614725958390193
1551,0.0063394239937918165
1552,0.00648668952783475
1553,0.006326205521364207
1554,0.006473746675587559
1555,0.006313595021048845
1556,0.005976554010284401
1557,0.006028201677678626
1558,0.006380891664174653
1559,0.005989126079731574
1560,0.0060654291330631506
1561,0.005983042676727903
1562,0.005743870020338918
1563,0.0065013064028126965
1564,0.006587565401016529
1565,0.006209707315774414
1566,0.00572360957128201
1567,0.005871588958158962
1568,0.005869716050703142
1569,0.00587908522486371
1570,0.006097183852866924
1571,0.006028322141885884
1572,0.005949051798147671
1573,0.006120630318961911
1574,0.006215346805451406
1575,0.0061921055894345045
1576,0.006093065325423318
1577,0.006112276688928448
1578,0.005958486796293597
1579,0.006118013174273074
1580,0.006098336283654227
1581,0.006007609464685922
1582,0.006119883027306552
1583,0.0059006193581715985
1584,0.005989054429060701
1585,0.005941939723709503
1586,0.006127178795256857
1587,0.006295362021774054
1588,0.00622585519430054
1589,0.005955440980792677
1590,0.006141841529979039
1591,0.006192521661740996
1592,0.0058789545753023635
1593,0.00612910149098074
1594,0.006193210572099029
1595,0.005641081674277025
1596,0.0058296474675505845
1597,0.00622247514251809
1598,0.005680913810018387
1599,0.006039859348181951
1600,0.006184882819810409
1601,0.005865305646370023
1602,0.0060377349717921375
1603,0.006093574985782853
1604,0.006051056102802188
1605,0.005988915904693432
1606,0.005725654966781958
1607,0.006139322622063554
1608,0.0061495404935173565
1609,0.005940745722786602
1610,0.0064378249482646335
1611,0.00588265982046092
1612,0.006164267491470328
1613,0.005777390208095312
1614,0.006079222126942822
1615,0.005785906961645489
1616,0.006234334432519972
1617,0.005999553072566198
1618,0.005880012277561098
1619,0.005843836638555562
1620,0.0059038196390463135
1621,0.006063892727054782
1622,0.005838854678401376
1623,0.005879034339529225
1624,0.00585250590998932
1625,0.005774947794911973
1626,0.0058512062256587515
1627,0.006120048573840473
1628,0.0057913519371048374
1629,0.0060095061346793835
1630,0.005934562394000842
1631,0.006215083503590549
1632,0.005842744956834842
1633,0.0057412723347670955
1634,0.005918458011395977
1635,0.005874108505372147
1636,0.006167267401844768
1637,0.005753199747463657
1638,0.005796617005509719
1639,0.005874639844632376
1640,0.005795469468112214
1641,0.0059378889657683296
1642,0.005715887403604969
1643,0.006089989013054361
1644,0.005850914309306418
1645,0.005723624397463844
1646,0.005726265257334937
1647,0.00572993451437392
1648,0.005902022663977439
1649,0.00578463868380098
1650,0.0058871840257039764
1651,0.005911101271414151
1652,0.006014762763960003
1653,0.006061190196660237
1654,0.005698478950376985
1655,0.005906100617721677
1656,0.005660635229768389
1657,0.005702543182898376
1658,0.006093873520050261
1659,0.005949365539413135
1660,0.005816985616239451
1661,0.005804463972384899
1662,0.005818776186492483
1663,0.0058839087457380305
1664,0.0060211137840840015
1665,0.00601349244588765
1666,0.005780508416168139
1667,0.005675504234682579
1668,0.005761942869620555
1669,0.005676924306267904
1670,0.005857281862379257
1671,0.005703597023720079
1672,0.005827869314274167
1673,0.005665867857761302
1674,0.005689734908736358
1675,0.005746237166083844
1676,0.005987214603287689
1677,0.005714773727280987
1678,0.005728147957489779
1679,0.0055527344357885295
1680,0.005604146366102337
1681,0.005614061999702984
1682,0.005672756495680344
1683,0.00559601832331174
1684,0.00590961991801416
1685,0.0056720860381373915
1686,0.005507007985123259
1687,0.005545265783192747
1688,0.005480404483485904
1689,0.005757467910031773
1690,0.0056615606763289646
1691,0.005571417695984749
1692,0.0056892248695337416
1693,0.005920715158473764
1694,0.005564307705183529
1695,0.005853359504618635
1696,0.005568995323995033
1697,0.005563370013309611
1698,0.005598078663381985
1699,0.005734256681812517
1700,0.005544394560521311
1701,0.005729977761679408
1702,0.0057816840432016025
1703,0.0057993314931390144
1704,0.005715792846739671
1705,0.0058076573512122285
1706,0.005695425177198219
1707,0.0056142448802810095
1708,0.005855969023117322
1709,0.005639835341707251
1710,0.0056127782327012495
1711,0.005565485496752722
1712,0.005605589987126069
1713,0.005522007033844494
1714,0.005777964845962696
1715,0.005530174178371238
1716,0.005558778162872009
1717,0.00564189103897661
1718,0.005637570481621108
1719,0.005632841637973689
1720,0.005514997031965877
1721,0.005484958601547248
1722,0.005427339536500937
1723,0.005368288225589036
1724,0.0058124910377092285
1725,0.005747994348817205
1726,0.005451051954385209
1727,0.005406937190978709
1728,0.005481153687114938
1729,0.005335175043556018
1730,0.005736103632597853
1731,0.005365482559111916
1732,0.005346352542292768
1733,0.005458531366519125
1734,0.0055743340241044
1735,0.005713430282628259
1736,0.005412497178856599
1737,0.0057279163067844715
1738,0.005623879033472326
1739,0.0055656809738631975
1740,0.0054759426650164995
1741,0.005340465109684836
1742,0.0056152570838803205
1743,0.005345839539432298
1744,0.005398104602660415
1745,0.00563094681681339
1746,0.005370560188982952
1747,0.005574837070495143
1748,0.005434091189102728
1749,0.005369210333594957
1750,0.005622391054264696
1751,0.005608885622015065
1752,0.005355773221354111
1753,0.005317564858360437
1754,0.005467893484727306
1755,0.005382045588487664
1756,0.005690957804336765
1757,0.005189059464008374
1758,0.005455849226564169
1759,0.005332466429967622
1760,0.005358160948933308
1761,0.00550387039685906
1762,0.005261098293161367
1763,0.005372562019501702
1764,0.005284397268936165
1765,0.005324667240729776
1766,0.005182079440061697
1767,0.005409281483804018
1768,0.005177792418211446
1769,0.005172950699057241
1770,0.005338493663565082
1771,0.0053336069745532535
1772,0.005556534932358033
1773,0.0053594233665489035
1774,0.005216886946473712
1775,0.005159155611674917
1776,0.005231613526120782
1777,0.005350543093330906
1778,0.005217020084165921
1779,0.005391116887409934
1780,0.005273209902521034
1781,0.005206251733983725
1782,0.00522773795942697
1783,0.005091154626254939
1784,0.005336463713813257
1785,0.0050052821308658535
1786,0.0052633329582700535
1787,0.005321978522322567
1788,0.0055013219372101
1789,0.005532645324434517
1790,0.005320731933244457
1791,0.005165975381051964
1792,0.005491749728808843
1793,0.0050605179848528265
1794,0.0052344951052534375
1795,0.00540236105069013
1796,0.005175358905867374
1797,0.004919075263048507
1798,0.0052354453364387155
1799,0.0053240332665647995
1800,0.005164517261387812
1801,0.005252324240045401
1802,0.005324145597484657
1803,0.00513535222014949
1804,0.005375563007211155
1805,0.005032252938628702
1806,0.005369000730767719
1807,0.004955725854862545
1808,0.005104812677018344
1809,0.005162198280015865
1810,0.005001688080097912
1811,0.005121188027137038
1812,0.005123076411911239
1813,0.005109282599178032
1814,0.005015621780638851
1815,0.005166231767053448
1816,0.005125408157532625
1817,0.005238188223487114
1818,0.005131959372547345
1819,0.005439798231236637
1820,0.005107738347960857
1821,0.005246715296564971
1822,0.005077109387996844
1823,0.005096228554513369
1824,0.00510648867683643
1825,0.005067679419387448
1826,0.0051313968596317
1827,0.005235298244693017
1828,0.0050261253431849815
1829,0.0051428372656010975
1830,0.0050530136243235
1831,0.004997111209747144
1832,0.004857300731385032
1833,0.005287016453852845
1834,0.00482714523648117
1835,0.0050836719189754735
1836,0.004981405324681457
1837,0.005048028884013578
1838,0.005096710535650284
1839,0.0050475739072850445
1840,0.0048722855537593115
1841,0.005106749883221494
1842,0.005002764621907372
1843,0.0048512594865129915
1844,0.00487643681166662
1845,0.004986563758624686
1846,0.004940867546345975
1847,0.00480339924757511
1848,0.004937899066135287
1849,0.004873078590716725
1850,0.0049500021061433825
1851,0.004828037881544965
1852,0.0050701374499821815
1853,0.004815906826880271
1854,0.004848723171547182
1855,0.00507604054143747
1856,0.004788081481326687
1857,0.0050138806947901595
1858,0.004905483764359507
1859,0.0051963696891631364
1860,0.004773518609246082
1861,0.005007147674559284
1862,0.004895090766771996
1863,0.00500014530479024
1864,0.004834373588121291
1865,0.004980220978337703
1866,0.004817683885063408
1867,0.0049361595509068695
1868,0.004895445198152151
1869,0.004880343540177002
1870,0.0049405119468663205
1871,0.004970336913020681
1872,0.004674673601353573
1873,0.004869050324610356
1874,0.00476451548826644
1875,0.004894437080927951
1876,0.0047846761634731194
1877,0.005106901919658659
1878,0.004626996884264557
1879,0.004600526956383581
1880,0.004841271432716463
1881,0.0047695734222435344
1882,0.004825236565843856
1883,0.0046197060175966155
1884,0.004827094696446369
1885,0.004549454189284499
1886,0.004693147884208267
1887,0.0045815817577669685
1888,0.004746606934547298
1889,0.004765010902547609
1890,0.004921248326693677
1891,0.004904145810958314
1892,0.004723119308730051
1893,0.004507692939191425
1894,0.004822059729831072
1895,0.004809127500975284
1896,0.004704149875995088
1897,0.00462094385974046
1898,0.004544284695885696
1899,0.0045710988875510075
1900,0.004749587105618695
1901,0.0045097495648236475
1902,0.00455394810483933
1903,0.0045690599560611325
1904,0.004646694660581396
1905,0.004617762175720122
1906,0.0045240510637887706
1907,0.004502460244111717
1908,0.004766593176192778
1909,0.00453644347874353
1910,0.0046435185467382355
1911,0.004691510303419525
1912,0.004623519384965174
1913,0.0045749352064962355
1914,0.004658604977983918
1915,0.004527986566615054
1916,0.004269491253673273
1917,0.004603589924399631
1918,0.004416102869041517
1919,0.004409816658708377
1920,0.0046558182122248964
1921,0.004507879635824238
1922,0.00450306005531259
1923,0.004505947550908678
1924,0.004567914760782052
1925,0.004456939568380051
1926,0.004236478654478314
1927,0.004436634096190713
1928,0.0042559911982329975
1929,0.004378278785132629
1930,0.004556970720147809
1931,0.004307434278524528
1932,0.004344140601707465
1933,0.004491469207203994
1934,0.0044200377759792036
1935,0.004350954891671821
1936,0.004247266288167971
1937,0.0043390113643323215
1938,0.00409080850165653
1939,0.0043015426095827656
1940,0.004176495768429743
1941,0.004248072351802582
1942,0.0042261946374171615
1943,0.004417977723987552
1944,0.004192207203941199
1945,0.004342883203762694
1946,0.004118064134302786
1947,0.004254883074327924
1948,0.0043038864406930695
1949,0.004280732824246131
1950,0.004150593856554794
1951,0.004335493739236588
1952,0.004285689668287918
1953,0.004301372964834889
1954,0.004244871214584653
1955,0.003979512857336362
1956,0.004195358430556321
1957,0.00409223246230286
1958,0.00423967763899936
1959,0.004185562552805296
1960,0.003990107596757175
1961,0.00426042448705599
1962,0.003963646796626686
1963,0.004057009914550551
1964,0.003953428700234804
1965,0.004023818818110404
1966,0.003978018496990583
1967,0.004041934981784325
1968,0.003936470411244338
1969,0.003963382860400982
1970,0.004003609159677211
1971,0.0039884116820264924
1972,0.0038659514176611932
1973,0.003868355216474225
1974,0.0039141049738815525
1975,0.003832261381923395
1976,0.003933686240165794
1977,0.003906329250223619
1978,0.003985700562548966
1979,0.003940683278507727
1980,0.003844243602558844
1981,0.003710353583239524
1982,0.003778362810469659
1983,0.0038599130368033832
1984,0.0039380138179571445
1985,0.0037038570143661255
1986,0.0037817956437751397
1987,0.003701838974493666
1988,0.003611324279040288
1989,0.003633216544354366
1990,0.0036781077949977403
1991,0.00367814972720472
1992,0.003582712864676901
1993,0.003530864696555092
1994,0.0035235757329816915
1995,0.0036504650597018583
1996,0.0036236497749164067
1997,0.003527927816198286
1998,0.003505208221721952
1999,0.0035862676558574124
2000,0.003427174859838087
