1,0.5399263728473146
2,0.19960164152464624
3,0.14167504321973204
4,0.12111860229554823
5,0.10212746467757022
6,0.09098297089212022
7,0.0824002330270359
8,0.07621928929524907
9,0.06853785375291008
10,0.06629695983256324
11,0.06128523277781778
12,0.056889245696997236
13,0.057279999415248126
14,0.05189554014448392
15,0.05127456631132607
1,0.49596324739819864
2,0.1749235964932684
3,0.13083152687650615
4,0.10925681339734691
5,0.09270741418004036
6,0.08684147285076521
7,0.08003332999424409
8,0.07648275319044873
9,0.06887861840048079
10,0.06261456937734354
11,0.06162237710619377
12,0.059882077214828994
13,0.05544979966608649
14,0.05490227442992441
15,0.050790743949681014
16,0.049824461435615
17,0.048539177356761394
18,0.04531531820420997
19,0.0459542724035554
20,0.043279899820937946
21,0.04150652247717825
22,0.04036673733775141
23,0.03988222430570651
24,0.03968409131580995
25,0.03833682604639207
26,0.0378595516243476
27,0.03575240643852848
28,0.03641057710589494
29,0.035613598838701084
30,0.03487496895684024
31,0.0351273530415433
32,0.03383157972120127
33,0.03205979091383643
34,0.032457368969285895
35,0.031142703052294458
36,0.031120871935608023
37,0.030381699487314385
38,0.029830024214619298
39,0.02963822702798298
40,0.02896127497808913
41,0.028888279130145654
42,0.028673577848506177
43,0.027661353136586436
44,0.029065054778199075
45,0.027245984207523073
46,0.02761019599008358
47,0.027183275780309053
48,0.026267839327328287
49,0.026205875839785498
50,0.026126972005023796
51,0.025463981348705495
52,0.025147118361003824
53,0.02477164168731641
54,0.02503712627626324
55,0.025108313535229635
56,0.024893320489169684
57,0.023952578865307366
58,0.02363704259396862
59,0.0235148309808919
60,0.02410313408916532
61,0.023916850860972526
62,0.02306105827881118
63,0.023256699609870122
64,0.02273517432701537
65,0.023033319719893447
66,0.022510330334810886
67,0.02172524752726747
68,0.0219833112195513
69,0.02233129691616711
70,0.021921910029851784
71,0.022660838653159848
72,0.020721717295631513
73,0.022161112885164508
74,0.021753226280591245
75,0.022013290793145613
76,0.021609086574891866
77,0.02149214201717306
78,0.020671530500433202
79,0.02080443134468238
80,0.020195099746145435
81,0.01989380695651901
82,0.020672077699801176
83,0.02062592554395482
84,0.019894492054768537
85,0.02025877776697783
86,0.019839651345954102
87,0.020412247343841245
88,0.019852528601127156
89,0.020822633618204776
90,0.019563542678952217
91,0.019553740035300537
92,0.018899829726729354
93,0.019595927827186502
94,0.019672994257219262
95,0.018939352404894465
96,0.01967393057578701
97,0.01941107529988986
98,0.019754399308713817
99,0.01858592425646671
100,0.019523940057004408
101,0.018499129420241057
102,0.018486423512636605
103,0.01876131038702393
104,0.018594053976427195
105,0.01950557744604046
106,0.01875434696705917
107,0.017490764109070522
108,0.018145981473627233
109,0.018154329446665313
110,0.018252387611290156
111,0.01744370298239134
112,0.018403006670207292
113,0.018407399166312257
114,0.017593772805658943
115,0.01780389565027366
116,0.01770454522032859
117,0.01748794471150485
118,0.018175308584724947
119,0.01754206081978598
120,0.016704904507466797
121,0.017556911350180535
122,0.017431135518255376
123,0.017637375213395236
124,0.017125636457576084
125,0.01749150420270734
126,0.017038307223721582
127,0.017385920517588572
128,0.017230656739892596
129,0.017218044169752273
130,0.016665243204304223
131,0.01715110986635594
132,0.01631876161337783
133,0.016269605662042306
134,0.01618456008638871
135,0.01646344543639886
136,0.016445116921312224
137,0.016443922192300276
138,0.016441858223623644
139,0.01627376726907441
140,0.016299115343934904
141,0.016755727403876135
142,0.016434804591650174
143,0.015620335470885038
144,0.01603439627057415
145,0.01647760056085506
146,0.015861233562167922
147,0.01654099331284731
148,0.016250789990269784
149,0.016160939220275918
150,0.016572784435130276
151,0.016206972474642728
152,0.01610873575653818
153,0.016247250471200982
154,0.016152115980699912
155,0.015694320162410957
156,0.015788081196783963
157,0.015377868906105473
158,0.015282594188416408
159,0.015618530252032865
160,0.015325107406509124
161,0.016697599023769973
162,0.01557583066287561
163,0.015538881236876724
164,0.015184064293122393
165,0.015267082963580801
166,0.0154570021619231
167,0.014926503274305645
168,0.015473683076610758
169,0.01599603068967492
170,0.015328567407993694
171,0.015555033266891614
172,0.015294586114932672
173,0.0158333043899324
174,0.015004367883301388
175,0.014576108774991107
176,0.015442187219100484
177,0.015973384342140566
178,0.014914982518086494
179,0.015085192176245026
180,0.015034852746747812
181,0.014788285185882852
182,0.014641321532554546
183,0.015094390738818604
184,0.015062029686582795
185,0.014498202177553864
186,0.014861325086173365
187,0.014649874057178781
188,0.014796757920629393
189,0.014664727050053367
190,0.01489333042843362
191,0.01454205718680711
192,0.015132515837233199
193,0.014504238284366616
194,0.014985972857576305
195,0.01460537463189813
196,0.01493105496737664
197,0.014605540415208977
198,0.014492832574109405
199,0.0151956639000041
200,0.014165587612759259
201,0.014753540575314882
202,0.0141604149248451
203,0.01418178890026727
204,0.014576120637515086
205,0.014453775209958776
206,0.014616507531727775
207,0.014101350198547214
208,0.014501368405960374
209,0.014737973968356343
210,0.014357299559702308
211,0.014039814539285283
212,0.014123414019596273
213,0.013953794697615303
214,0.014125613400996741
215,0.013924967813289772
216,0.014157860003159209
217,0.013645303309342618
218,0.014328494983709465
219,0.013806005426824598
220,0.013930399432557366
221,0.014202553471076792
222,0.013916777391618087
223,0.014083289150622184
224,0.01421088189817965
225,0.013836695931031037
226,0.013990828064980648
227,0.01412442572793718
228,0.014046270214810462
229,0.013860898392306547
230,0.014247224393884763
231,0.013644138465524983
232,0.013980250805616379
233,0.014179188568713301
234,0.013610668322544987
235,0.013802900353951727
236,0.013646902125802333
237,0.012957507756270342
238,0.013664921848261255
239,0.013291232212904399
240,0.01353346613646185
241,0.01385053170655491
242,0.013549040620199453
243,0.013420277358016978
244,0.013314664936071988
245,0.01327818676324214
246,0.013522938848867759
247,0.0136484683538645
248,0.013650431838360125
249,0.01328297121197743
250,0.013372364382938309
251,0.013720526884830856
252,0.013387015369578691
253,0.012874902502270573
254,0.012626353244818115
255,0.013501162905151309
256,0.01318347890924473
257,0.01321617512316522
258,0.013934802086392448
259,0.012435234893681639
260,0.01326670988178733
261,0.01336134584241752
262,0.013232669003812944
263,0.013540385661930856
264,0.013444569845825939
265,0.013110723756885125
266,0.013154635395286447
267,0.012951490299586775
268,0.012710737837952072
269,0.013159192613152376
270,0.013247333766924123
271,0.013136577938478125
272,0.013516708837537948
273,0.01273330740662197
274,0.0126743429198356
275,0.012762786133877806
276,0.013056466221746247
277,0.013037570965302697
278,0.013362183121143508
279,0.013046102578578106
280,0.013030850458732349
281,0.013074030941825802
282,0.013210310324458248
283,0.01269283604224102
284,0.013316431895719242
285,0.01254165622058435
286,0.012761853619525998
287,0.012924726614412867
288,0.012558239093839617
289,0.012930806935370222
290,0.013027480984959056
291,0.012955197148909003
292,0.012647293744829752
293,0.012657804351489423
294,0.013077576849925316
295,0.012497049507732361
296,0.012739533870244178
297,0.01235793134734287
298,0.012626380051912392
299,0.012746827688731126
300,0.012387135145017656
301,0.012524458706000094
302,0.012750542020204208
303,0.011887988040097436
304,0.012304040800653776
305,0.012724099416380464
306,0.01268379675555911
307,0.012746652572463124
308,0.012479192127426297
309,0.01220455757831618
310,0.012492165711345309
311,0.012390867870111587
312,0.012297148019138534
313,0.012232519859858489
314,0.01230933433951084
315,0.012234292261428753
316,0.01250551730962628
317,0.01253919544535042
318,0.012235073281957184
319,0.012427282057923534
320,0.012846753415572693
321,0.012038494468177273
322,0.01261770026363685
323,0.012445924973304746
324,0.01257660431329603
325,0.01219601432745487
326,0.012604974679869868
327,0.012516988816244875
328,0.012146025493551614
329,0.012442314271199502
330,0.01223320611436867
331,0.012081302047344082
332,0.01273076158506259
333,0.011982101102564799
334,0.01210236895071753
335,0.011837262451112017
336,0.01220758565527908
337,0.012221102168688835
338,0.01169057959943252
339,0.012129962645565807
340,0.012629238620274147
341,0.01215288921069922
342,0.012436936029343534
343,0.012515236410485991
344,0.012300946962846032
345,0.012274551102733714
346,0.011983922343322281
347,0.01231895438079738
348,0.01221903793166502
349,0.012163743779252646
350,0.011851452022664627
351,0.012089861679222371
352,0.012184879809649567
353,0.011833416574271553
354,0.012051515024692074
355,0.012187161309234166
356,0.011813551597928598
357,0.012230339432450927
358,0.01185386448356686
359,0.012104305233490669
360,0.011831154920539613
361,0.011700962535973828
362,0.012129804612752997
363,0.011972066078145625
364,0.011271054410549292
365,0.012116122900082146
366,0.0120216879670082
367,0.01197518430003044
368,0.0116684426814002
369,0.01157879422150426
370,0.012079131623761634
371,0.011560825536311683
372,0.011538715527976974
373,0.011818294555453931
374,0.011922384324183657
375,0.012204914081494435
376,0.011939642789094882
377,0.01166100131537197
378,0.011943993695332842
379,0.011583075602144256
380,0.011868367307045954
381,0.011837205399711758
382,0.01178680476732552
383,0.011588916948096733
384,0.011493929582884756
385,0.29175501943850035
386,0.011159615086044296
387,0.011559188152837047
388,0.011594656274764466
389,0.011333213022010307
390,0.01176593579367687
391,0.011793835944953864
392,0.011771825276378352
393,0.011529348364447132
394,0.011671206917834737
395,0.011453325702351028
396,0.01159305033526557
397,0.011695804705811759
398,0.011328234735844751
399,0.01158401358998933
400,0.011530574063880968
401,0.01191982585479016
402,0.01196527918721786
403,0.01107507925954158
404,0.011307713642747979
405,0.011114429157637691
406,0.011539976021780049
407,0.011550985067546114
408,0.011760617480060812
409,0.011002092389389873
410,0.011729525658696636
411,0.01140908237499327
412,0.011806283647320786
413,0.011666069872740466
414,0.011565496059829148
415,0.011322682123568099
416,0.011480513458945235
417,0.011278562050439039
418,0.011001798699183737
419,0.011335076026271209
420,0.011109459060007485
421,0.011111375169386551
422,0.011830970885674074
423,0.011219948545982272
424,0.011574186542529171
425,0.011550345572532487
426,0.011348854967440336
427,0.011347625132302865
428,0.011083227724342023
429,0.011138138140283398
430,0.011730798614858571
431,0.011202502151225077
432,0.011166317352898797
433,0.011499290788640915
434,0.01144649826732101
435,0.011291547414010106
436,0.011292455737652668
437,0.011262169904943746
438,0.011353700603279521
439,0.01138280063741288
440,0.011252978161545628
441,0.011119946209966378
442,0.011352304755946842
443,0.010997506916144137
444,0.0109376426809862
445,0.011116276364931362
446,0.010906819104201208
447,0.011195003516751073
448,0.010933111528313513
449,0.011265396199710035
450,0.011040711072983883
451,0.011634665198024299
452,0.010565638238311572
453,0.011167025067291017
454,0.011253180163833549
455,0.011103089145084812
456,0.01078066601560025
457,0.011117164483609594
458,0.01113477394268927
459,0.010975404362336306
460,0.011088308156073347
461,0.011114253563869555
462,0.01120518910367105
463,0.010804745214754495
464,0.011719749936581416
465,0.011009480334597371
466,0.01103700733727823
467,0.01141666972188879
468,0.011010739092036323
469,0.011306600834606058
470,0.011136784115648371
471,0.010627498854172685
472,0.011183594554757415
473,0.010796926138228026
474,0.011055023326554288
475,0.011064133030693915
476,0.010864259742231945
477,0.011133630097038666
478,0.011147328017090084
479,0.010989753466288922
480,0.010977133938853266
481,0.010618841906977912
482,0.010819666284941515
483,0.010924591643388494
484,0.011163266170454227
485,0.010868683279791878
486,0.010794995301324179
487,0.01055758618118273
488,0.011054016965425621
489,0.01104754995223198
490,0.011174550836400713
491,0.01098901533790059
492,0.01074514961880395
493,0.011174833563835187
494,0.011134950511189083
495,0.01080829648979766
496,0.01052401913329959
497,0.010661922604382292
498,0.011267452702020942
499,0.010408516010364233
500,0.011037562298983082
501,0.010787982043762833
502,0.011062585290963366
503,0.01052352409588836
504,0.01100791197159659
505,0.01116657767334353
506,0.010857846654983143
507,0.010373526343570675
508,0.010685999088494455
509,0.011286762819262379
510,0.010093338617865565
511,0.010273461352433946
512,0.010633047034774544
513,0.010212663580837139
514,0.010896168175642774
515,0.010717706675878015
516,0.010643594286609756
517,0.010697247314472066
518,0.010729541299643658
519,0.011057998357593255
520,0.010782171285442881
521,0.010840235124105367
522,0.010732834487837755
523,0.010765679212192358
524,0.010969077083045396
525,0.010310623577748567
526,0.01054639576429154
527,0.010883981523782773
528,0.010559074927942228
529,0.010152779334082694
530,0.010671235025086897
531,0.010589183260828762
532,0.010647059718178491
533,0.01101287991061049
534,0.010929198726474985
535,0.010472846844912334
536,0.010510886818075837
537,0.010603925485511199
538,0.011044121146107377
539,0.010070711808373867
540,0.01066124482648605
541,0.010864112549856052
542,0.010349549905602204
543,0.010787251089715351
544,0.010579138003700113
545,0.010596509537485949
546,0.010528988485082479
547,0.010665815098653152
548,0.010670790425107136
549,0.010377910339384008
550,0.01025659333070014
551,0.010568815370295512
552,0.010249379067287102
553,0.010541621122067258
554,0.010514825298371961
555,0.010186473708757656
556,0.010266819645224487
557,0.010280454152468907
558,0.010466810572355732
559,0.010201911986568722
560,0.010104277439541736
561,0.010422142897337928
562,0.010339898511104412
563,0.010516508407417243
564,0.010441716188186054
565,0.010279430897306588
566,0.010459801395250073
567,0.010196292942579267
568,0.010383580108883522
569,0.010708962871014313
570,0.010103278323786996
571,0.010429360122435678
572,0.010187824832875345
573,0.010670461040779443
574,0.010047128147808677
575,0.010664604063603585
576,0.010671801604646243
577,0.010555967917444847
578,0.010145298524964916
579,0.010227547113988864
580,0.010251415763208168
581,0.010221168619848914
582,0.010184283727401142
583,0.010445333476636117
584,0.010033315248882114
585,0.010171304598955785
586,0.010563792593745609
587,0.010723087695916579
588,0.010028639429454075
589,0.01044046237938485
590,0.010518000169136262
591,0.010298331343111092
592,0.009936402145362759
593,0.009971145110331097
594,0.010456199264469541
595,0.010232758968752824
596,0.010614437189237293
597,0.010284483965517859
598,0.010107517356873822
599,0.01029516040284376
600,0.010517626578556531
601,0.010698887602410327
602,0.00972919323939388
603,0.010206852068777307
604,0.01044803986452141
605,0.01059568120498147
606,0.00969077363389276
607,0.010166323589855584
608,0.01061261534075237
609,0.010599279578901449
610,0.01016336626578438
611,0.010072317960971997
612,0.010234983460346268
613,0.010153955543192766
614,0.010396097123749176
615,0.010267967184595132
616,0.010029271919816986
617,0.010513927049587592
618,0.00992195949084678
619,0.010069447822111138
620,0.010369789912917857
621,0.010225944047383332
622,0.009802814728927687
623,0.00978824008508759
624,0.010407843287655358
625,0.010093920627387903
626,0.010144157516691139
627,0.010278349000392324
628,0.009805367855055227
629,0.009965753948347549
630,0.010261579432477385
631,0.010166430021083708
632,0.01057834440242436
633,0.009976974943005559
634,0.00994186868528062
635,0.010040598436085096
636,0.010489013582720594
637,0.010239572568117814
638,0.010232634214936928
639,0.010407380457825454
640,0.01025818481694086
641,0.010313337388590483
642,0.009971779143690305
643,0.010205819062351927
644,0.009759183006234845
645,0.009893842329571054
646,0.010333088968517416
647,0.010499709396291588
648,0.009400057918155345
649,0.010112235401520285
650,0.009874723689883189
651,0.009962529610937177
652,0.010100760445851138
653,0.010442212630473709
654,0.010063985962483842
655,0.010513222555361561
656,0.010165612939429485
657,0.009954866870322217
658,0.009739424034921547
659,0.010256442935916326
660,0.01398045664763678
661,0.009377569575809826
662,0.009926403714817459
663,0.009459629832467033
664,0.00968536755890917
665,0.009952316810455868
666,0.009905515941080906
667,0.009916854181753124
668,0.009881722934196814
669,0.010052336873170935
670,0.009940321596686617
671,0.009983043525746818
672,0.00989972053774459
673,0.009944427647959378
674,0.010203097295805307
675,0.010205478553455008
676,0.009852102859008867
677,0.00984650819120392
678,0.009829529718953674
679,0.010320753995644845
680,0.01038033684510422
681,0.009920968524164568
682,0.009589228637011374
683,0.010063718463751977
684,0.010202481119372582
685,0.010240737333009809
686,0.00968918529875829
687,0.009716428161235684
688,0.009659616252944127
689,0.010146036870398764
690,0.010113285562433934
691,0.009602157817364244
692,0.009807062078804031
693,0.010046948497262547
694,0.010087987518537853
695,0.009636017841176462
696,0.010069029938461165
697,0.01032584486529231
698,0.009953311798399535
699,0.009626017950506787
700,0.010309492226027079
701,0.01033240801781037
702,0.010099971820837108
703,0.009412668601972825
704,0.00992973722217573
705,0.009305249086691666
706,0.009738969223936862
707,0.009382803588947755
708,0.009715384105220437
709,0.009682968318051958
710,0.00979100656695664
711,0.009674130177314756
712,0.009839346162753842
713,0.010124310764278902
714,0.010077956681123983
715,0.009720398053937292
716,0.00956854886785781
717,0.009944959109554351
718,0.009659032834599079
719,0.009633264429393714
720,0.009369846559682135
721,0.009764758672691503
722,0.009844786384916407
723,0.009806569630153856
724,0.009695012844562277
725,0.009923232510149226
726,0.009854098876654092
727,0.009623712548291532
728,0.00984882198321491
729,0.00967293957611388
730,0.009888246690980712
731,0.009833367095502504
732,0.009894793083638711
733,0.009795594407971633
734,0.009775358402186025
735,0.009894672753605045
736,0.009839156449188367
737,0.009897619154367406
738,0.009789449502161499
739,0.009189427684266435
740,0.009654004130733468
741,0.009722275505536946
742,0.009850213438335616
743,0.009800411946282296
744,0.010143409988258854
745,0.009927260941999444
746,0.009486440581001215
747,0.009392199047320223
748,0.010133791008522198
749,0.009578764450467996
750,0.009610963551232875
751,0.009973612310112281
752,0.00948927708175349
753,0.009740674876118615
754,0.009802679476028277
755,0.009506049033222814
756,0.00967768450283398
757,0.010573790854600779
758,0.009029528126120567
759,0.009521991132869053
760,0.009480221978372942
761,0.009792678010792045
762,0.009679996550588285
763,0.009501598147927956
764,0.009739177913199795
765,0.010177694999028817
766,0.00951462040529034
767,0.009607181138501076
768,0.009937378147743264
769,0.009701412044844385
770,0.009666634123709243
771,0.009612052839533505
772,0.0096212517730576
773,0.009600851467763216
774,0.01014816046345158
775,0.009384369110625427
776,0.009741395368572261
777,0.009555622501204074
778,0.009505792690630434
779,0.009548334535053474
780,0.009227712354543855
781,0.009453467689296705
782,0.009732465389958126
783,0.00935517011162967
784,0.009705216410743484
785,0.009619399072539251
786,0.009180211420644516
787,0.00932479452468076
788,0.009557675570249557
789,0.0095757904178384
790,0.008999841181182508
791,0.009451897234766412
792,0.009521618445987924
793,0.0096462893307651
794,0.009720865001712563
795,0.009455148537122345
796,0.009606669542490173
797,0.009507515110564814
798,0.009766286688904136
799,0.0093469163402915
800,0.009691812808357052
801,0.009642901621222243
802,0.009375626907952257
803,0.009360469830364494
804,0.010075322522039888
805,0.00955971839474672
806,0.009418797880505859
807,0.009413911258580826
808,0.009406378062568227
809,0.009713921822228674
810,0.009932612660893445
811,0.009139683137063757
812,0.009229805636203896
813,0.00990881418840865
814,0.009456041000657162
815,0.009492120097817506
816,0.00948952430843423
817,0.009432232449367896
818,0.009726303586168057
819,0.009599469436364154
820,0.009358548551355884
821,0.009551086313075434
822,0.009954888551196053
823,0.009206532402027208
824,0.009404125872020752
825,0.009554264218530666
826,0.00957772868164515
827,0.009512728628686677
828,0.009299244404123243
829,0.009322522373838444
830,0.009537487263175643
831,0.009510096707144531
832,0.009287712878500253
833,0.00955883274644108
834,0.009435545889881708
835,0.009418674851215239
836,0.009888157007773802
837,0.009412258898965636
838,0.009049223866155845
839,0.009310526579965726
840,0.009426198256501959
841,0.009585146460745294
842,0.00956977536838691
843,0.00956748183461506
844,0.009369493908075205
845,0.009432213412503065
846,0.009654045065517649
847,0.009259780786015977
848,0.009942014054474185
849,0.009543318550055057
850,0.009277594737487576
851,0.009461034255070706
852,0.009661030379455473
853,0.009211107512336161
854,0.009872063098601619
855,0.009338892183377075
856,0.009123980880604458
857,0.009279639700869634
858,0.009895911937484802
859,0.009182124738028999
860,0.009307279547487023
861,0.00962245226758769
862,0.00921116748398517
863,0.009417177122717692
864,0.009580365547878762
865,0.009238132595289814
866,0.009779355484771273
867,0.009189560630563962
868,0.009156655662266885
869,0.009362900088998979
870,0.009270393526402571
871,0.009225609984596149
872,0.00908663219740709
873,0.009571227651499844
874,0.009283617052044404
875,0.009315680349403518
876,0.009854165628015742
877,0.008935303766659256
878,0.00947725995033348
879,0.008917768083323362
880,0.009339371119957354
881,0.009059431682482867
882,0.009138574314666754
883,0.008932412775643802
884,0.009333570736413032
885,0.009246333735063672
886,0.009710519621937962
887,0.009056417887114872
888,0.009415634757823359
889,0.009505623442483908
890,0.009456707253436543
891,0.00922208784889998
892,0.009137726503313851
893,0.009144950243723343
894,0.00933672556795685
895,0.009524845403729606
896,0.009334205941818023
897,0.00969812910514489
898,0.009223821742649553
899,0.009270296357098525
900,0.008914637414864817
901,0.00947914974590353
902,0.009270442870713897
903,0.00917192583240695
904,0.009362326196978911
905,0.009503328257193
906,0.009321447217174001
907,0.009615354034733974
908,0.00955804521060091
909,0.009354154417543845
910,0.008964948790242611
911,0.008999916476244896
912,0.009178819316360404
913,0.008991970735901997
914,0.008828837337698472
915,0.009463014089013054
916,3617612.2141576554
917,0.00988276943690696
918,0.007906365141240974
919,0.007271436727763612
920,0.008259937482870232
921,0.00902608518835978
922,0.00928306433182778
923,0.009176546972150267
924,0.009242539976770848
925,0.009340558047169599
926,0.009402692866495858
927,0.009267538568888933
928,0.009145934584597915
929,0.016388361046280144
930,0.32655468294831086
931,0.007820462583074882
932,0.009187925220230373
933,0.008965270822646759
934,0.009441075199362586
935,0.009169981035530189
936,0.009449038686136068
937,0.009278255333271573
938,0.008836986007705584
939,0.009135263443182585
940,0.009511493860696585
941,0.008945303254808157
942,0.009123040544721534
943,0.009158078044400378
944,0.009341806717911514
945,0.009339389107111146
946,0.00921118775998258
947,0.009254973298885812
948,0.009045642382323237
949,0.009617505212298642
950,0.008917096051213852
951,0.009120140264158026
952,0.008984769947069177
953,0.009342704453679213
954,0.009110556315567534
955,0.009145894738987593
956,0.008643681159779683
957,0.009063069874389191
958,0.009101111402387842
959,0.009555644537243297
960,0.008870454299879276
961,0.009101703593317988
962,0.009428655247251361
963,0.008873612671238134
964,0.009086188528749902
965,0.008926745350235852
966,0.009038425011213049
967,0.008899146671233288
968,0.009197661668946177
969,0.00911286251098549
970,0.008971855411369163
971,0.009240357923495063
972,0.009168176757866296
973,0.009236325932098395
974,0.009301658739509472
975,0.00890817918609512
976,0.008869973098133074
977,0.018682894075952344
978,0.008818186077652342
979,0.008966579184851657
980,0.008876291900810044
981,0.008894709483483585
982,0.009216796527853456
983,0.008973927497548067
984,0.008826346846960358
985,0.009057115175429795
986,0.008912017237458188
987,0.009129956759259863
988,0.009580597368274199
989,0.009224202562818083
990,0.009311002523291036
991,0.008997837294650785
992,0.00918478035699513
993,0.00916692737284732
994,0.009048887563995639
995,0.009061181811236982
996,0.009221767024058154
997,0.009513585962418277
998,0.008990235863474466
999,0.008923102987109351
1000,0.009114336656501233
1001,0.00894418032050638
1002,0.009004867067402703
1003,0.008909264666233527
1004,0.009319282634089054
1005,0.009327867711594297
1006,0.008999810112103566
1007,0.008903315531531885
1008,0.009017037938080601
1009,0.008800800238593908
1010,0.008942681672525103
1011,0.009109226714472398
1012,0.009131697432722076
1013,0.009036041823831402
1014,0.008907352341338992
1015,0.008915124145352234
1016,0.008827810554559959
1017,0.008825373257731356
1018,0.008847072266705207
1019,0.008822301110663152
1020,2.5509421292463537
1021,0.008023081067160277
1022,0.00896904563089296
1023,0.009350226986837589
1024,0.009210157054239663
1025,0.009193533352749833
1026,0.00921935506828003
1027,0.008727512614391112
1028,0.00911928066131422
1029,0.00899265693121795
1030,0.008918432933199456
1031,0.009247841546311975
1032,0.008940272747491628
1033,0.00906642273234172
1034,0.008675399106153744
1035,0.008765910898130072
1036,0.00899016642666785
1037,0.009050738776765637
1038,0.012566454605972869
1039,0.008746598728821945
1040,0.008996475045963868
1041,0.00889472794419123
1042,0.009027416853360453
1043,0.008709366595119996
1044,0.008922712080243785
1045,0.009263967834728755
1046,0.00903504844597083
1047,0.008948332760325176
1048,0.008866161522376587
1049,0.009186981340586129
1050,0.00887390630619632
1051,0.00855860865075078
1052,0.008940158826220086
1053,0.009029292568595986
1054,0.008875252880250751
1055,0.009060800691151012
1056,0.008731657248463923
1057,0.008657317924297463
1058,0.009370410104550548
1059,0.008970428285804593
1060,0.008852391985197694
1061,0.008836084637412076
1062,0.008693106910529531
1063,0.009387572651129153
1064,0.008966061156400936
1065,0.008990255010835195
1066,0.008919163934602323
1067,0.009033558811297861
1068,0.00898841683658124
1069,0.009167811592598841
1070,0.008719226067206995
1071,0.009026151860795788
1072,0.009100014817411616
1073,0.008866675351983157
1074,0.00891826871261632
1075,0.008954654262259098
1076,0.00882555991884763
1077,0.00888993771415267
1078,0.00863064848817885
1079,0.00900745069829084
1080,0.008756472788340712
1081,0.00875883766102715
1082,0.009029953527437934
1083,0.008738754265862753
1084,0.008596812299910491
1085,0.008820457253762978
1086,0.008864113918931807
1087,0.008810077734701967
1088,0.009112895837337789
1089,0.009005725218014697
1090,0.008729022580309439
1091,0.008208308751710643
1092,0.009121097715066398
1093,0.009032641142859297
1094,0.008987557087724998
1095,0.008533205963292365
1096,0.008986687911200827
1097,0.008617163667360605
1098,0.008918942019374947
1099,0.09193882267622246
1100,0.0078606907637411
1101,0.008790548594857929
1102,0.009068081826287306
1103,0.00895298064796854
1104,0.008668659290425101
1105,0.008927608125890463
1106,0.008682013911558158
1107,0.009398614245829946
1108,0.008823772868678227
1109,0.00864019735432151
1110,0.009144098888609117
1111,0.008853392501882577
1112,0.00880928693134022
1113,0.008896783708547384
1114,0.008524034180189087
1115,0.008951574339042022
1116,0.008702556531623764
1117,0.008678809996157631
1118,0.008707016197396285
1119,0.008804514921286095
1120,0.008814401297151284
1121,0.009141422468790059
1122,0.00902647529413008
1123,0.008795262855019862
1124,0.008475606657280508
1125,0.008892673343988293
1126,0.008556926113916404
1127,0.009018364019092109
1128,0.008630918382303947
1129,0.008995078062101945
1130,0.00883828932261568
1131,0.009013679415240125
1132,0.009052570573827726
1133,0.008291799930255797
1134,0.008871563505065643
1135,0.00862150025254084
1136,0.008989972966107524
1137,0.008934858036069674
1138,0.008523194091710247
1139,0.00866471449213134
1140,0.008501304317486741
1141,0.008443831848927726
1142,0.008785639905323417
1143,0.008701406687624374
1144,0.008682960845624744
1145,0.008806375202612352
1146,0.008683267219181535
1147,0.008953468903693987
1148,0.008450659236602358
1149,0.00888611914953059
1150,0.008736897879516927
1151,0.008938823964730915
1152,0.00879069744072602
1153,0.008722429684663222
1154,0.008702101087260801
1155,0.008339463216173699
1156,0.009093454466753845
1157,0.008571188391770347
1158,0.00895360589295752
1159,0.008771868813309377
1160,0.00854258961044252
1161,0.008469349811232443
1162,0.008807476937486711
1163,0.008895147978564945
1164,0.008634713182415245
1165,0.008783596540185607
1166,0.008730996139663256
1167,0.008464288023710883
1168,0.008523831607663405
1169,0.008320981551798345
1170,0.008482389037607837
1171,0.008560235418726579
1172,0.0085495585354708
1173,0.008771003030587808
1174,0.009658710960046215
1175,0.008335866846965027
1176,0.009000932233471233
1177,0.008864191944821406
1178,0.008726198380118457
1179,0.009043414161493213
1180,0.008694117127175806
1181,0.008774098825751472
1182,0.009047672373511024
1183,0.008495504214128449
1184,0.008735194549722186
1185,0.008711630841559273
1186,0.008478538650166938
1187,0.008721048722706608
1188,0.00874889031510358
1189,0.008433395037743248
1190,0.008583899220388573
1191,0.008422113678781158
1192,0.009010721325590196
1193,0.008632391462323525
1194,0.008557435263232407
1195,0.008495404775712197
1196,0.008737819091716812
1197,0.008662981363960494
1198,0.008655341602546178
1199,0.008940278951047083
1200,0.008415299479581289
1201,0.008766458460555996
1202,0.008639139296897387
1203,0.00879401023799585
1204,0.008541618659303097
1205,0.008602931878482134
1206,0.008721922425616343
1207,0.009033352878512972
1208,0.008931681095480414
1209,0.008656245139348557
1210,0.00902410731177335
1211,0.008487647257240142
1212,0.008628249409119203
1213,0.008755149331606798
1214,0.008018373847165602
1215,0.00917703817772158
1216,0.008550139086841905
1217,0.008589486745422927
1218,0.008635690451552302
1219,0.008733503137699376
1220,0.00858007153590857
1221,0.008785106320628676
1222,0.00860778866454138
1223,0.00862870695290424
1224,1.8970537775756506
1225,0.007970988614311031
1226,0.008040250760455758
1227,0.008623434903526331
1228,0.008524423619037715
1229,0.008692737128112023
1230,0.00863332378330751
1231,0.008461273812010126
1232,0.008606991837180014
1233,0.008566507146204426
1234,0.008851528436071792
1235,0.008916083589133065
1236,0.008763080462813377
1237,0.008528180069179606
1238,0.008832660460276372
1239,0.008310887757373058
1240,0.008877780083251201
1241,0.00856835120831127
1242,0.008674441240885752
1243,0.008517760242793267
1244,0.008275090551035385
1245,0.008375102077942278
1246,0.008890789412593438
1247,0.008641408855032366
1248,0.00848567447925018
1249,0.008704625164805833
1250,0.008875882983112992
1251,0.008447962406612301
1252,0.008547291226716618
1253,0.008477805111304684
1254,0.00858251937522979
1255,0.00851680296946759
1256,0.008253767604986995
1257,0.008559162460141262
1258,0.008726027738934352
1259,0.008397090809135619
1260,0.008773344967482706
1261,0.00842365779187846
1262,0.00846353221400562
1263,0.008820155432242585
1264,0.008709722731294016
1265,0.008484385631410248
1266,0.008283684961497784
1267,0.008365109199815887
1268,0.008436904032320038
1269,0.009128983199627976
1270,0.00849425335714625
1271,0.008642071041168046
1272,0.008341532780678344
1273,0.008149245765723161
1274,0.008608940799357527
1275,0.008453790035288213
1276,0.008318150534405041
1277,0.008661434595015342
1278,0.008165763620034619
1279,0.008589527352665693
1280,0.009058732720944335
1281,0.008495525425394713
1282,0.008686566330745058
1283,0.008648046170029853
1284,0.008802323831024311
1285,0.008507024492847464
1286,0.008445465909632839
1287,0.008800417966193567
1288,0.008372017924310797
1289,0.008225081397725617
1290,0.008457783605682395
1291,0.008808265353347791
1292,0.0084434427849759
1293,0.008863935996857236
1294,0.008420607820942493
1295,0.008153189802384478
1296,0.009160742001860575
1297,0.008531410543058636
1298,0.008423505076680774
1299,0.008432873449746078
1300,0.008444110685328052
1301,0.00877467181407294
1302,0.008303582476909762
1303,0.008388877226734313
1304,0.00828249607692962
1305,0.008860765944503374
1306,0.008453849328176702
1307,0.008120005753017584
1308,0.008955124943217232
1309,0.00837921244250137
1310,0.008562204001818672
1311,0.00838325795780678
1312,0.008344811257132786
1313,0.00850343582086202
1314,0.008373473301308892
1315,0.008726852519784943
1316,0.008551872619506667
1317,0.008403931989066176
1318,0.008340443030662708
1319,0.008329549125569352
1320,0.00849846038785842
1321,0.008496263072336628
1322,0.00825516670010984
1323,0.008663095226037806
1324,0.008542544429458804
1325,0.00841233928261672
1326,0.008370962846329657
1327,0.008429602408087102
1328,0.008158716274488527
1329,0.008839778898094418
1330,0.00903177180453756
1331,0.008374522049453551
1332,0.009033120395142143
1333,0.008425669085581676
1334,0.008225830836158436
1335,0.008568137221164623
1336,0.008371687873061431
1337,0.008680424017642262
1338,0.01307641212054986
1339,0.008290532479157387
1340,0.008541881742145298
1341,0.008337669836167814
1342,0.008418422446870324
1343,0.00881664524391546
1344,0.00818673478660442
1345,0.008365620440661402
1346,0.00860752870518146
1347,0.008727489422091235
1348,0.00835327486807512
1349,0.008300326002951143
1350,0.008321774338166846
1351,0.008230863450789603
1352,0.00820807367957876
1353,0.00870835323328689
1354,0.008324173164664436
1355,0.008354672980573723
1356,0.00857955516489633
1357,0.008508252887591973
1358,0.008102404525882359
1359,0.008348211065976548
1360,0.008528255628642895
1361,0.008540878328889355
1362,0.008040949362882618
1363,0.008365223397327176
1364,0.00826949176725821
1365,9638.784743060583
1366,0.007913702009719307
1367,0.006897022040024147
1368,0.007295426289093191
1369,0.008174466620341448
1370,0.008531015240034814
1371,0.008758145640998825
1372,0.008369116653230483
1373,0.008368402036790878
1374,0.008496415315953604
1375,0.008378886250715893
1376,0.008090898132156896
1377,0.00875359479637848
1378,0.008319510261417699
1379,0.00850832439619669
1380,0.008290339734847262
1381,0.008779833831240312
1382,0.008145447062738871
1383,0.00833420242751175
1384,0.008305557577286736
1385,0.008628684009220136
1386,0.00866935312968947
1387,0.00807597292823938
1388,0.008247560762279367
1389,0.00817394635434878
1390,0.00834020190493409
1391,0.008492703358169203
1392,0.008746694540604949
1393,0.008195312433260478
1394,0.008322737534861948
1395,0.00843944916722633
1396,0.007836890016224677
1397,0.008570602025552574
1398,0.008170159285004109
1399,0.008459471651526579
1400,0.008382116752218897
1401,0.008164769843599554
1402,0.008668734392119666
1403,0.008333103822039093
1404,0.008243257606054767
1405,0.008168372607758363
1406,0.008246055480597888
1407,0.008338579027992437
1408,0.008518719449797171
1409,0.008210205686105004
1410,0.008120132341854653
1411,0.008220567770491717
1412,0.008481276336015534
1413,0.008460179997323933
1414,0.008241364791578913
1415,0.008262536208287386
1416,0.00809021171979543
1417,0.008272737532980362
1418,0.008255465027197437
1419,0.008249576578421866
1420,0.008600945395054453
1421,0.008228810444884634
1422,0.008780136286138983
1423,0.008632091911888476
1424,0.008183653892601951
1425,0.008436398969379142
1426,0.008456813428014263
1427,0.008147890778195303
1428,0.00833300277748603
1429,0.008249587304416602
1430,0.008259219713351232
1431,0.008133965895621705
1432,0.008217757658527816
1433,0.008594489912897095
1434,0.008203773625131887
1435,0.008103592033198073
1436,0.008304056490503125
1437,0.008196599769674368
1438,0.00865749282351995
1439,0.008428638398457887
1440,0.008331714959625723
1441,0.008276373885919229
1442,0.00809510707484274
1443,0.008297681792686551
1444,0.008243433038025336
1445,0.008205016818434253
1446,0.008388077682357723
1447,0.008283299496555227
1448,0.008168302638203664
1449,0.0083389768566368
1450,0.008573599353085383
1451,0.00824892737555428
1452,0.00822185066733825
1453,0.008296588800800175
1454,0.008466327511626532
1455,0.008530920998872085
1456,0.008314019242711997
1457,0.00825920459119824
1458,0.008228229078606276
1459,0.00847275476602806
1460,0.008129554832259477
1461,0.008160261749053153
1462,0.008255577360090437
1463,0.008288230449040184
1464,0.008782056085291808
1465,0.008038775825683596
1466,0.008007402665976245
1467,0.008530479964358196
1468,0.00793603400036819
1469,0.008663005154122109
1470,0.008479619327680035
1471,0.008353706532142173
1472,0.008285842835903168
1473,0.008278479006425556
1474,0.008053031986800291
1475,0.00810460626518638
1476,0.008438664967967672
1477,0.008205412559495386
1478,0.008280440573028083
1479,0.008424266375664432
1480,0.008213379444017753
1481,0.008462232719096591
1482,0.008218662020103153
1483,0.008265394212330803
1484,0.008297939915052158
1485,0.008380790450215593
1486,0.008323639236643152
1487,0.008355094396146172
1488,0.008551462794164731
1489,0.00854599681461893
1490,0.008236198709740981
1491,0.0081649247825272
1492,0.008386699139472034
1493,0.008535859932712579
1494,0.00813468084749529
1495,0.008034925931527957
1496,0.008126091421187177
1497,0.008414809236902807
1498,0.00825702469259248
1499,0.00821201968148856
1500,1.4888829888255035
1501,0.007106220345723175
1502,0.007831972267999613
1503,0.008194623262447825
1504,0.008409706350826359
1505,0.00811260444964519
1506,0.008351775616312684
1507,0.008502357134248241
1508,0.008408986012277714
1509,0.00849038762261428
1510,0.008231136107312168
1511,0.008593948376443932
1512,0.007604335561015849
1513,0.008102846570644464
1514,0.00853285915612922
1515,0.008252949674882121
1516,0.008451401342843043
1517,0.008757084963243391
1518,0.00837697351738116
1519,0.008426938359862414
1520,0.008107203875778842
1521,0.008334042630710845
1522,0.008221826306938872
1523,0.007910864834152794
1524,0.008103769982896619
1525,0.008338651608012743
1526,0.008096078225269409
1527,0.00842637776681301
1528,0.008198359637852695
1529,0.008000507275968537
1530,0.017454614825309963
1531,0.008209914036126713
1532,0.00865655706927054
1533,0.008090783762982336
1534,0.00824986940044594
1535,0.008151733304642268
1536,0.00845434193467816
1537,0.008221320215991493
1538,0.00844763404042539
1539,0.00810666273790017
1540,0.008238837726698336
1541,0.008390970271617428
1542,0.007854373904608063
1543,0.008177816745493624
1544,0.00828001419697904
1545,0.00825419204341153
1546,0.00851850586911758
1547,0.008306731955321917
1548,0.008614279262689968
1549,0.008058240574042676
1550,0.008065667046802276
1551,0.008141960751391569
1552,0.008296541364516243
1553,0.008119223927447603
1554,0.008300590901083107
1555,0.008351057053590983
1556,0.007853805614335432
1557,0.007995695392680118
1558,0.008378521626089083
1559,0.007978708447762212
1560,0.00808564860815719
1561,0.00794836123063529
1562,0.008737667617624846
1563,0.008483489880622443
1564,0.008244384561618
1565,0.008321167502583842
1566,0.007964686648446625
1567,0.008196565543569751
1568,0.0082838791185769
1569,0.008171918533616146
1570,0.008294669279860238
1571,0.008250179353280592
1572,0.008368866257685221
1573,0.007972561706930904
1574,0.00797948066808157
1575,0.008041235862962775
1576,0.008445679764579035
1577,0.008165900893430462
1578,0.008068596987622016
1579,0.008054661566502083
1580,0.007620748363324772
1581,0.008259297508383327
1582,0.008156158124743882
1583,0.008317942360131923
1584,0.007959438353713792
1585,0.008333553086524293
1586,0.008314683907112833
1587,0.00818375276275358
1588,0.008100273028426504
1589,0.008212261730647189
1590,0.008069402988116115
1591,0.008127366062411564
1592,0.007595070791667548
1593,0.008216028421391117
1594,0.008241553017396038
1595,0.008089360200910497
1596,0.008309411670286523
1597,0.008027696457170582
1598,0.007698567444063976
1599,0.008041587048525907
1600,0.00837463200865787
1601,0.007932868397447392
1602,0.008353959109981433
1603,0.00823410514000235
1604,0.007862390709598944
1605,0.00788398757892645
1606,0.008727342936099839
1607,0.008266936048423336
1608,0.007880984501660629
1609,0.008174205980247866
1610,0.008405315614763206
1611,0.008054508089671954
1612,0.008076598169282079
1613,0.008275167185860544
1614,0.00835109393554345
1615,0.007943037609269812
1616,0.007990257483038861
1617,0.008496067159161982
1618,0.008320359984744277
1619,0.007959134841211518
1620,0.008171753500098898
1621,0.007805690064757936
1622,0.008022585966608535
1623,0.008145657697518877
1624,0.008165088545341613
1625,0.008289372777345322
1626,0.008218775049514942
1627,0.008423456046098874
1628,0.008140369472330657
1629,0.007889721463671175
1630,0.008144687048270035
1631,0.00794376290829505
1632,0.007904877493521041
1633,0.0079529659735765
1634,0.008316018306886998
1635,0.0082513370622202
1636,0.00834053938308636
1637,0.0079726305754729
1638,0.008145036898016676
1639,0.007974965722789452
1640,0.007945418361795404
1641,0.008027001063071065
1642,0.008399334645403897
1643,0.007919882562295612
1644,0.008015174004328201
1645,0.008285039976649618
1646,0.00809913684842887
1647,0.00792328996773241
1648,0.00826046882213046
1649,0.008062185261840537
1650,0.008353288841860021
1651,0.008244972825997461
1652,0.008080756465383506
1653,0.00815438985098469
1654,0.008046068247186683
1655,0.008050788679333815
1656,0.007973336551527856
1657,0.008212619914941616
1658,0.008141467663443695
1659,0.008374399103034856
1660,0.008002907302135886
1661,0.00773685161513671
1662,0.007592481557058834
1663,0.008121488019981879
1664,0.008280656351786802
1665,0.008292438166405437
1666,0.00806874418394419
1667,0.008049965879516834
1668,0.008079204282139317
1669,0.008052733876758207
1670,0.008255785733650801
1671,0.008149061450671595
1672,0.008035879473643913
1673,0.00814934862556599
1674,0.008522988979752033
1675,0.007986298355794811
1676,0.008135696060134697
1677,0.008057181751039826
1678,0.007967802628843208
1679,0.00790549177376522
1680,0.007922300362517521
1681,2.8580740621171388
1682,0.00719578775687743
1683,0.007398418999292841
1684,0.00796226866669574
1685,0.008206321009418975
1686,0.00810494035150919
1687,0.008235925765139825
1688,0.008425532066721027
1689,0.008027170449337465
1690,0.008111311592382648
1691,0.007751552885303558
1692,0.007926981785666134
1693,0.00797159012833263
1694,0.007919320327592856
1695,0.007878780834597804
1696,0.007995396130323663
1697,0.008204919029563919
1698,0.007876277621046214
1699,0.008031380149709472
1700,0.007901782000247957
1701,0.007846425251908979
1702,0.008069157103171288
1703,0.00812346471268368
1704,0.00762074146719681
1705,0.007706492407231639
1706,0.008060602171314974
1707,0.008019444232774993
1708,0.008026905160523573
1709,0.00784621415738711
1710,0.007942928668206273
1711,0.00827072860507326
1712,0.007934692682761509
1713,0.008203008145062347
1714,0.00802941422641151
1715,0.007973097245035282
1716,0.007690332766811726
1717,0.008037011924404966
1718,0.007554797773344158
1719,0.007931515300188655
1720,0.008081728805614224
1721,0.007883997677462333
1722,0.008182848259112087
1723,0.00820608330117065
1724,0.008010339258254458
1725,0.007896882087244825
1726,0.007638408662356689
1727,0.007910875283907784
1728,0.008042605128139257
1729,0.008043659543145006
1730,0.00794805595414492
1731,0.007901924569554374
1732,0.008023852944153092
1733,0.007732425177059436
1734,0.009720837137014684
1735,0.007697900741408437
1736,0.007853235173339055
1737,0.008113270226897578
1738,0.007947503839682598
1739,0.007994638751971267
1740,0.007930157954757244
1741,0.008076586859237593
1742,0.008053777009343444
1743,0.007757676725859864
1744,0.008096513788263171
1745,0.008192477562322708
1746,0.007893475557882654
1747,0.007720582802795758
1748,0.008191488683223724
1749,0.007987458712689705
1750,0.007864230965516703
1751,0.008079385972913291
1752,0.008022335827571609
1753,0.008183867347000514
1754,0.007877102133549623
1755,0.007827188938035298
1756,0.007824811003155123
1757,0.00801250855714651
1758,0.007726282082592784
1759,0.007997081050712425
1760,0.007846742540882048
1761,0.008105443064439095
1762,0.007887253115521901
1763,0.008196812991242287
1764,0.008126099878069708
1765,0.008064741787690101
1766,0.007805894720920567
1767,0.008013597464630916
1768,0.00808391571676327
1769,0.008208744440985433
1770,0.0076774885656975085
1771,0.007988550518718312
1772,0.008394020139950059
1773,0.00778755285950788
1774,0.008103049253666048
1775,0.007832077979031255
1776,0.00802250700545008
1777,0.00799625396523309
1778,0.007907830545741875
1779,0.008142649401294983
1780,0.008056982870261043
1781,0.008028075915871787
1782,0.007913216680162033
1783,0.008147888098669759
1784,0.007674105512767525
1785,0.007834018835545345
1786,0.007993997283816591
1787,0.007553061829501037
1788,0.007986183858366084
1789,0.00766430739550141
1790,0.008022523942892835
1791,0.0077971154330614
1792,0.007989444181922887
1793,0.007827523334141252
1794,0.008180276297380105
1795,0.00795915788749896
1796,0.00773402461505858
1797,0.007741451291051709
1798,0.007674544627415174
1799,0.008434168820790315
1800,0.007988484899939622
1801,0.007733942425841371
1802,17.490785284457193
1803,0.006846660840861752
1804,0.007734250089832408
1805,0.008039917325269494
1806,0.007996645681086486
1807,0.00804269905162628
1808,0.007888425942668217
1809,0.008008995933963333
1810,0.008000602772048974
1811,0.007895322106147216
1812,0.00791339939104993
1813,0.007612369086403968
1814,0.008114578454928884
1815,0.007830004768161956
1816,0.007724479851076159
1817,0.008214620289282274
1818,0.008078781106525053
1819,0.007715793677716185
1820,0.00793416230244783
1821,0.00810598204370146
1822,0.008078605244409735
1823,0.007959493428026721
1824,0.007729582228082217
1825,0.008122224400167242
1826,0.009216140482132719
1827,0.008217567664776312
1828,0.008072815559236175
1829,0.008321526560979753
1830,0.007696908006791846
1831,0.0074527729144793445
1832,0.008255980601060694
1833,0.008230746952595852
1834,0.007938837178714447
1835,0.007841637973689426
1836,0.007705243695053762
1837,0.008211758717799843
1838,0.007824637741639705
1839,0.007898218983042417
1840,0.007890935008556156
1841,0.007953374642657779
1842,0.007412746420398481
1843,0.007634516217414353
1844,0.007863953788527998
1845,0.008206105719999237
1846,0.007704798422232902
1847,0.008810046896480529
1848,0.008090947442924825
1849,0.008016101001777638
1850,0.008121947331701294
1851,0.008073374202822224
1852,0.007802611094567988
1853,0.007876771431163712
1854,0.0075358552818770635
1855,0.007696697253623377
1856,0.007936158022148756
1857,0.007821034718999418
1858,0.007673817615703506
1859,0.007567526715397203
1860,0.0077621749586473075
1861,0.008198803965538994
1862,0.00813419432221454
1863,0.007942191293557822
1864,0.008004622699661275
1865,0.007720934483617292
1866,0.007846011042247638
1867,0.007841301675475502
1868,0.007978015216225284
1869,0.007729577121593185
1870,0.007959169730291529
1871,0.007892192238783938
1872,0.007892316073116105
1873,0.007861553063868718
1874,0.008202001977301502
1875,0.007793606235251083
1876,0.007745611947029829
1877,0.00806303950957954
1878,0.008018423803150654
1879,0.007645456807024904
1880,0.008117265742808834
1881,0.008078693514847654
1882,0.008116468921366889
1883,0.007694477527165565
1884,0.008143743263336561
1885,0.007604545814979632
1886,0.007877119272252766
1887,0.007824445190697403
1888,0.007703956027152174
1889,0.008024225327170502
1890,0.007821096608541528
1891,0.007762502628315429
1892,0.007792499018990893
1893,0.008007751797499546
1894,0.007388902871506446
1895,0.008087219911138132
1896,0.007804630255184563
1897,0.007935924526556568
1898,0.007944086740203833
1899,0.008065567926061735
1900,0.007863958812145105
1901,0.007980426149916345
1902,0.007845580936962013
1903,0.007869562351192206
1904,0.0077543446727065465
1905,0.007887395643392357
1906,0.008144712115053908
1907,0.0079629465945507
1908,0.007742157920216352
1909,0.007927572678269471
1910,0.007910917698547749
1911,0.008067954457917456
1912,0.00765809578568501
1913,0.007791438400429689
1914,0.007597449833479852
1915,0.008077518323878362
1916,0.008446245742330358
1917,0.007793111237302675
1918,0.007590383492504894
1919,0.007998256930307942
1920,0.007894006616956854
1921,0.007469683048962537
1922,0.008021064601854373
1923,0.007697777869969101
1924,0.007642049863303112
1925,0.007729356331056205
1926,0.0077734668028809255
1927,0.007978113139269211
1928,0.007857900760057619
1929,0.007956812943537103
1930,0.007860835353543951
1931,0.007981999025490703
1932,0.0072319200814906824
1933,0.007837940921012502
1934,0.007728684523884775
1935,0.008144691925874706
1936,0.008036271258557246
1937,0.007717928059904252
1938,0.0076988902755902484
1939,0.007962529334413299
1940,0.007916883510237529
1941,0.007832614870710393
1942,0.007783020183570304
1943,0.007864185399770483
1944,0.007936835050251398
1945,0.00800903466080268
1946,0.007937964117075553
1947,0.007537514930275284
1948,0.007405914537908541
1949,0.007699730969823392
1950,0.007640001855364417
1951,0.007817398804097863
1952,0.00764275224626822
1953,0.008047110764151913
1954,0.007616641072919435
1955,0.007889305886623087
1956,0.007742646973090783
1957,0.007891468585358333
1958,0.007918186789631085
1959,0.007892144690030965
1960,0.007626239305077973
1961,0.007605041136523172
1962,0.007965253640392448
1963,0.007619048628593021
1964,0.007856407368524094
1965,0.007522593745646082
1966,0.00790270341370823
1967,0.007522002561017871
1968,0.008318908530350584
1969,0.008005570470339667
1970,0.007776085910845106
1971,0.007960621208362913
1972,0.008140480343126139
1973,0.007980299446637095
1974,0.0078575262855107
1975,0.007741344997943458
1976,0.007968105304733677
1977,0.007823383256051121
1978,0.0077881946394188425
1979,0.007850026467152067
1980,0.007633327770883502
1981,0.007892302154579152
1982,0.007438889868415387
1983,0.007652957509350726
1984,0.007418945642835382
1985,0.0076784156144486145
1986,0.00755137728006279
1987,0.0077187363748927994
1988,0.007678395800166211
1989,0.00795081528140453
1990,0.007583957489074792
1991,0.007967139438378736
1992,0.00785052141774509
1993,0.00797044309013981
1994,0.0072746343429247705
1995,0.007672208538910342
1996,0.007962419256820516
1997,0.007294200354855571
1998,0.007621451194192898
1999,0.0076292414312898104
2000,0.0076687220105175246
2001,0.007595555347753531
2002,0.007915047253876671
2003,0.007775582598080322
2004,0.007674140421578945
2005,0.007796860761719488
2006,0.007488301414522832
2007,0.007744245467928506
2008,0.007475794867170438
2009,0.007725820785893475
2010,0.007843280112433989
2011,0.008079787874120777
2012,0.007886459451105636
2013,0.007662342087823456
2014,0.007603242267238892
2015,0.007785052108436318
2016,0.007905419298321387
2017,0.007852809030120656
2018,0.007822963916223055
2019,0.007524256570801391
2020,0.007940587050960226
2021,0.007661233079951193
2022,0.007647368906981359
2023,0.007385250208583676
2024,0.007753870000084073
2025,0.007509168063811326
2026,0.007692434404724104
2027,0.007796273495749397
2028,0.007603963777833319
2029,0.007547062359971262
2030,0.007788749802384084
2031,0.007743248256254878
2032,0.007849040303095165
2033,0.007851025279043085
2034,0.007843755163899544
2035,0.007294067365148941
2036,0.0077584129797642004
2037,0.007884559395202136
2038,0.007497760857913201
2039,0.007510897328572
2040,0.007655963585790941
2041,0.007572853012341943
2042,0.007997005341290418
2043,0.007522190009417422
2044,0.007603972806926753
2045,0.007526347313028902
2046,0.007664619731890448
2047,0.007590780247760527
2048,0.007519123846886016
2049,0.007920735866873193
2050,0.00781528367582014
2051,0.007721474729636211
2052,0.007682369836464019
2053,0.007590458079209646
2054,0.0077477706600201585
2055,0.007728339135410043
2056,0.007807095412764762
2057,0.007456628657025048
2058,0.007714024460795573
2059,0.0075480324389823415
2060,0.0076797662255496295
2061,0.007636547309614845
2062,0.007494051696069665
2063,0.010741184331413548
2064,0.007132401612934546
2065,0.007479689549654722
2066,0.007682141070490924
2067,0.007394521069018391
2068,0.007783503023023575
2069,0.008013882557861507
2070,0.007246779656763804
2071,0.007546377508364365
2072,0.007668029402493168
2073,0.007609012572221079
2074,0.007977667379082513
2075,0.007393913471802942
2076,0.007337271681813113
2077,0.0075263982615039
2078,0.007675142406280768
2079,0.007821360504317839
2080,0.007706891062622101
2081,0.007811567884222683
2082,0.007589185701178039
2083,0.00759152636342382
2084,0.0077102221706408566
2085,0.00748069847192047
2086,0.007274993689399276
2087,0.0075875053308525325
2088,0.007875888797817594
2089,0.0073934742565251
2090,0.007654673287692338
2091,0.007796309292474288
2092,0.007612656365874839
2093,0.007587299311249438
2094,0.007461030774165766
2095,0.007599422376666029
2096,0.0077962971339791505
2097,0.007664359768584244
2098,0.0075089962347963096
2099,0.007852956871659952
2100,0.007891856506861493
2101,0.007694398297659926
2102,0.007695218019376872
2103,0.007672423035127379
2104,0.007582615078347972
2105,0.007755295004522018
2106,0.0075927230182214304
2107,0.007678923228660883
2108,0.007842253475307913
2109,0.007666131096765778
2110,0.007974410054700102
2111,0.007732259595008977
2112,0.007794494788020344
2113,0.007444660633139439
2114,0.007865782933688517
2115,0.0073974279852552435
2116,0.007571447609087168
2117,0.007651047998155325
2118,0.00809135329830697
2119,0.007672812872550497
2120,0.007473690194567129
2121,0.00751695081086482
2122,0.007826971872788618
2123,0.0075192686201909845
2124,0.007488958608611661
2125,0.0074195134240376244
2126,0.007571765608391014
2127,0.00735074867518082
2128,0.007778821073046302
2129,0.007621594929625675
2130,0.007706950894178097
2131,0.00763821930001032
2132,0.007781897509723144
2133,0.007413700396605468
2134,0.007378812389984979
2135,0.00725211214147887
2136,0.00756850690280987
2137,0.007798068221437477
2138,0.007497162078665096
2139,0.007723823481760287
2140,0.00761097666839043
2141,0.007657742871650321
2142,0.007585742763417252
2143,0.0077489784137361635
2144,0.007368686285375034
2145,0.007477200874206373
2146,0.007760683938829323
2147,0.0074676604748119485
2148,0.007335034416104525
2149,0.007797076712141477
2150,0.007551990137672273
2151,0.00784444421040431
2152,0.007660969215745138
2153,0.007437217546532215
2154,0.007745909208621261
2155,0.007403148223756481
2156,0.007277774938255928
2157,0.007830015845375798
2158,0.007586759767668732
2159,0.007373951399162159
2160,0.0077742173699504235
2161,0.00759832246892028
2162,0.007303383493385577
2163,0.007341651591251336
2164,0.007799211017377043
2165,0.007630300723900229
2166,0.007371707215621057
2167,0.00773296108216805
2168,0.007393981924012177
2169,0.007802946668639147
2170,0.00760212917496466
2171,0.007510867542034741
2172,0.0077306520730509596
2173,0.007579416198403401
2174,0.007273609552658715
2175,0.00776780981538912
2176,0.007644067869632174
2177,0.007712799477611936
2178,0.007450002344262044
2179,0.007666886326367572
2180,0.007628356357168217
2181,0.007383588768573383
2182,0.00754552120263925
2183,0.007496440905477788
2184,0.007443129850583056
2185,0.0078067984984461535
2186,0.0076693832100826805
2187,0.007769040321394549
2188,0.0075006635003265435
2189,0.007809571199655785
2190,0.00779797877106121
2191,0.007820313145264478
2192,0.007485017014698962
2193,0.007590170969428905
2194,0.007299636518266999
2195,0.007702535665515116
2196,0.0077000048358814195
2197,0.00765742480723282
2198,0.007622580730624624
2199,0.007673537224468033
2200,0.007657673604533834
2201,0.00782320674674554
2202,0.007458524898846902
2203,0.0076193628690631714
2204,0.007800079412537359
2205,0.007128802297826288
2206,0.00749929248102767
2207,0.007526780502333985
2208,0.007197514115201341
2209,0.007443585953975128
2210,0.007830936422224268
2211,0.0075056242136979255
2212,0.007485046410554294
2213,0.007762686629637571
2214,0.007588500198434597
2215,0.007117467360192184
2216,0.007433069562065905
2217,0.007716447485894975
2218,0.00762137994801594
2219,0.007537445183685523
2220,0.007763961507638885
2221,0.007358720753010426
2222,0.007523014360123267
2223,0.007210272687913502
2224,0.00713035062949915
2225,0.007658332493550823
2226,0.00732774960500646
2227,0.007691434363566212
2228,0.007397527159270593
2229,0.007268687572046104
2230,0.007516927715248855
2231,0.007256814201709704
2232,0.007880127515201852
2233,0.007406589882921869
2234,0.007483619758543574
2235,0.007333845375658218
2236,0.007831544832373827
2237,0.00737661262974143
2238,0.007491075514689467
2239,0.007497549013597733
2240,0.007778610272522447
2241,0.007402932729130074
2242,0.00720857471914299
2243,0.00713391982066303
2244,0.007259826959205507
2245,0.007543377576285373
2246,0.007519565952815495
2247,0.00741942051277196
2248,0.007530305167596976
2249,0.0073925786655617215
2250,0.0074203161234667496
2251,0.007142779148988805
2252,0.007364622786862112
2253,0.007447710746141561
2254,0.007376086977073702
2255,0.00749283624315729
2256,0.007391089407758692
2257,0.007603139450805167
2258,0.007757615511131994
2259,0.00763474841467973
2260,0.007801617515447028
2261,0.0072604321116991975
2262,0.007763434704629925
2263,0.007792978131180724
2264,0.007333804577020771
2265,0.007450291898764543
2266,0.0076932893371430494
2267,0.007740943680785723
2268,0.007588620635017879
2269,0.007190501573890195
2270,0.007412441199156061
2271,0.007409891670064653
2272,0.007850192797022983
2273,0.007417033302155718
2274,0.007778045681889279
2275,0.008065011869263599
2276,0.007082874859067596
2277,0.007814385669732119
2278,0.007708616096968368
2279,0.007572268818552464
2280,0.00751718800215019
2281,0.0076435289298326286
2282,0.007467022765490969
2283,0.007500913716315971
2284,0.007627284258872397
2285,0.0075375784594976045
2286,0.007424270386918117
2287,0.007886796479381748
2288,0.00746183505408087
2289,0.007239242117867758
2290,0.007605919527616036
2291,0.0075980313398512234
2292,0.007488420244969301
2293,0.007383956976424334
2294,0.007830961654751988
2295,0.00758466885377795
2296,0.007908071122937283
2297,0.007336828640614778
2298,0.007376222456884333
2299,0.007407852724762791
2300,0.007473716287384346
2301,0.007271162271736411
2302,0.007435720741464678
2303,0.007348043451448745
2304,0.007585400064333768
2305,0.007502587397693325
2306,0.007447483442265982
2307,0.0075349108615921714
2308,0.007298147238759419
2309,0.0074726244537317655
2310,0.007489203250477627
2311,0.007515888471724623
2312,0.007395679054197745
2313,0.007350141502190697
2314,0.007605028711653993
2315,0.007688574362704057
2316,0.007143536318188249
2317,0.007088036720356825
2318,0.007222774241245904
2319,0.007565540762744465
2320,0.007466937217987695
2321,0.0074951351793893315
2322,0.007399146153070664
2323,0.007432083573618556
2324,0.007384100737507945
2325,0.007586299055019173
2326,0.007621399997102128
2327,0.007136691724723678
2328,0.007548653126015502
2329,0.007605643885731065
2330,0.007015989424455595
2331,0.007446107584825259
2332,0.0076036366744566776
2333,0.00735981238540262
2334,0.007391539650921852
2335,0.007429282528237771
2336,0.007386301079828103
2337,0.007736815778948998
2338,0.0075072861765905965
2339,0.00721907184332988
2340,0.007387138546002492
2341,0.0075475177727639675
2342,0.0076052719861332135
2343,0.007493612088136754
2344,0.007448799260970899
2345,0.007509525936349469
2346,0.007383396908230448
2347,0.007432807213232174
2348,0.007327335338124027
2349,0.00742650758751305
2350,0.007140039381476403
2351,0.007490594186662238
2352,0.0071967788971960545
2353,0.007266322458636457
2354,0.007641737544672343
2355,0.00714825835055277
2356,0.007476402750491338
2357,0.007243291054599745
2358,0.007457124834911803
2359,0.007396133561318709
2360,0.007609275426178918
2361,0.007746888727139113
2362,0.007660547997486793
2363,0.007379063022307167
2364,0.007322593142231137
2365,0.007740451113747085
2366,0.007219893366524602
2367,0.007566581499936469
2368,0.0072610327891089906
2369,0.007415910898628882
2370,0.007382921294419695
2371,0.007493169735564645
2372,0.0075440154197799454
2373,0.0075956273003149844
2374,0.007607166690878191
2375,0.007235101193300117
2376,0.007525887531701917
2377,0.0074280319001399355
2378,0.0072574187089862715
2379,0.007476133300322976
2380,0.007406610131295303
2381,0.0074189894130232475
2382,0.007469359357146767
2383,0.00739093274233263
2384,0.007565708684940207
2385,0.0072034252393138355
2386,0.007547666192433591
2387,0.007303180792605725
2388,0.0074132351694091905
2389,0.0074720476454092286
2390,0.00716624449607048
2391,0.007360651891804852
2392,0.007293064206428194
2393,0.007132684523871137
2394,0.007656871508885869
2395,0.007350507555371624
2396,0.007372041753793167
2397,0.007126165713751846
2398,0.007416640901622378
2399,0.007441585514520816
2400,0.0072831881027353015
2401,0.007790888979304898
2402,0.007285005910227359
2403,0.007000581302159166
2404,0.007204252382014263
2405,0.007243491448777712
2406,0.0074909718813753485
2407,0.007225459701997243
2408,0.007089217635408296
2409,0.007762273962972528
2410,0.007504917087301739
2411,0.007244372176069577
2412,0.0074914380398942
2413,0.007219748636628738
2414,0.007254789541949028
2415,791440.7540953149
2416,0.007272056834693304
2417,0.006324724148232806
2418,0.006305536332192941
2419,0.007646726902132317
2420,0.007447455924840928
2421,0.007594986041313258
2422,0.007455424618733637
2423,0.007366875443070874
2424,0.007315630491791388
2425,0.007132550782397769
2426,0.0073944983660574936
2427,0.007394684547700493
2428,0.007323282080213145
2429,0.007508484729549895
2430,0.0075545287927833655
2431,0.007179140129079253
2432,0.007071983828840746
2433,0.0077132750223627535
2434,0.007381876437309183
2435,0.007461758567241288
2436,0.007609851626774012
2437,0.007347846802292487
2438,0.007164583539479743
2439,0.007631078761039397
2440,0.007580389923779136
2441,0.007294104631863914
2442,0.007799217426139167
2443,0.007341408072102626
2444,0.007527241945045732
2445,0.007360555987284219
2446,0.007601379756263252
2447,0.007343926723509774
2448,0.00714608594790985
2449,0.007222336436763911
2450,0.007557108240612483
2451,0.007065039216856457
2452,0.0071258866701717095
2453,0.007232591580852109
2454,0.007360212885679961
2455,0.007362005809890264
2456,0.007111058088998168
2457,0.007407018802349724
2458,0.007335617935079765
2459,0.007147949425724603
2460,0.007347418749073552
2461,0.007444058469954436
2462,0.007130580599088285
2463,0.007242980630184382
2464,0.007259672292571326
2465,0.007483383611049819
2466,0.007168542416134881
2467,0.007553730523055893
2468,0.007169118052411635
2469,0.00757504602641625
2470,0.007463729896945721
2471,0.0074054959024918285
2472,34277432.415929005
2473,0.008763526163805845
2474,0.007098210093533715
2475,0.006483671202134909
2476,0.00638397356842534
2477,0.007249910875728701
2478,0.007431552404048458
2479,0.007438564568489663
2480,0.007320094843773897
2481,0.007251218079699803
2482,0.007605589065953332
2483,0.007668197016878906
2484,0.007237033788272638
2485,0.007343096098215398
2486,0.007235596733862313
2487,0.00744475227764855
2488,0.0075837356014713895
2489,0.0072568993013099594
2490,0.007368538891738754
2491,0.00728411255877907
2492,0.007295765710789394
2493,0.0073833150228769595
2494,0.00736739028292566
2495,0.007507603745749694
2496,0.007173665668973226
2497,0.0074752135304891965
2498,0.0077682233462899415
2499,0.0072546363157078115
2500,0.0071949471672207626
2501,1.0729135820026494
2502,0.006540328968647804
2503,0.006711304935595116
2504,0.007273181353427343
2505,0.0072865216140398535
2506,0.007220294216047909
2507,0.007439766485654449
2508,0.00726147828686793
2509,73.6646870615975
2510,0.006547800837463494
2511,0.006696468767694245
2512,0.0071680173633020304
2513,0.00746426167029698
2514,0.007148064882099881
2515,0.007146511183483369
2516,0.0072288231300663645
2517,0.007259396563868149
2518,0.007308759558866969
2519,0.007414692768164106
2520,0.007540727095378531
2521,0.007328417485627204
2522,0.007030806671906957
2523,0.007486669536111719
2524,0.007077043753717158
2525,0.007460288594918862
2526,0.006977934327165959
2527,0.007308200526572132
2528,0.0073685738321204305
2529,0.007223735042547775
2530,0.007512141324942774
2531,0.0075012263210521915
2532,0.007471501324089023
2533,0.0071229471971075665
2534,0.0073065757692270614
2535,0.007613195191232203
2536,4.407013968122587
2537,0.006360288081943231
2538,0.006861501813361074
2539,0.007468252849244213
2540,0.007371931666334681
2541,0.007368024667503976
2542,0.0072731731550262895
2543,0.007157759618613932
2544,0.007113971226548744
2545,0.007336428696763212
2546,0.00735235992834856
2547,0.007138782058510993
2548,0.007338090403147547
2549,0.007082552175526902
2550,0.007121011476679626
2551,0.0070870647451571995
2552,0.007606517868826829
2553,0.007288781428804337
2554,0.007492767737673248
2555,0.007050976374233931
2556,0.007128841590957116
2557,0.007291930646761873
2558,0.007226033329616411
2559,0.007513777222642202
2560,0.0072371700612859705
2561,0.007460202753417573
2562,0.007179670237099468
2563,0.007253732982138961
2564,0.008057730550625189
2565,0.007299709449506412
2566,0.007125377570184232
2567,0.0073696811628228024
2568,0.0073001710816397
2569,0.0072959116107579
2570,0.007486204182634414
2571,0.007758275339364121
2572,0.007275656808830671
2573,0.007405030322103303
2574,0.007334925040949957
2575,0.007399379313228873
2576,0.0072191866268640605
2577,0.007280944897872159
2578,0.006734300688919374
2579,0.007064118517673243
2580,0.006990235652064241
2581,0.007395704823419831
2582,0.00700915455660325
2583,0.006986598918309151
2584,0.007236022537700453
2585,0.007410879503398881
2586,0.007161397295530444
2587,0.0071754703748087255
2588,0.006990256375964668
2589,0.007358329550173702
2590,0.007287846400670834
2591,0.007450966099356064
2592,0.007381436292681906
2593,0.007122639633746723
2594,0.00733999731966247
2595,0.007309841528787451
2596,0.0072428959508631695
2597,0.00716591763933647
2598,0.007067253102816768
2599,0.007090360636554532
2600,0.0072186382771548575
2601,0.0074164838790577855
2602,0.007330698628073274
2603,0.007304534615980366
2604,0.007219271189769951
2605,0.007317552378527441
2606,0.007354738155253611
2607,0.007120209890102052
2608,0.007228773856788116
2609,0.007187661130802106
2610,0.007269989655716187
2611,0.007313736090910131
2612,0.007409425716752471
2613,0.0075952295071871605
2614,0.007314346484066445
2615,0.007033307377596275
2616,0.007155608044447914
2617,0.007442307974196086
2618,0.00725461277613511
2619,0.007726429926105223
2620,0.00733037575511104
2621,0.007285227482128194
2622,0.007035989560960334
2623,0.007314592000033896
2624,0.007069265317976854
2625,0.0072738324998388604
2626,0.0075062779173002405
2627,0.007030905429589547
2628,0.007083777133059703
2629,0.006942929731587232
2630,0.007049427026393429
2631,0.007297504886637552
2632,0.007323449665001767
2633,0.0074539215627552596
2634,0.0070659528502215775
2635,0.00740709678483022
2636,0.007433425141814149
2637,0.007189359215987941
2638,180.41239942864206
2639,0.00684501311023546
2640,0.006347624312738998
2641,0.007483203840142084
2642,0.007102367180099679
2643,0.007091117176321982
2644,0.007068448982169947
2645,0.007206488852547008
2646,0.0073534505268148444
2647,0.007163086710734514
2648,0.007156981407838352
2649,0.007171258701295671
2650,0.0072234829796983275
2651,0.007415887690543876
2652,0.007002275156930594
2653,0.00717790161212117
2654,0.0072983387103935675
2655,0.4355327176754915
2656,0.006442737726147397
2657,0.0071122091030701995
2658,0.007467968434774143
2659,0.007524062299280096
2660,0.0073065889853258
2661,0.00707859048517263
2662,0.00718086484377667
2663,0.00722480562349813
2664,0.007216412885809096
2665,0.007348384441792081
2666,0.007147252539930455
2667,0.007137238578791967
2668,0.006887656222176501
2669,0.0073986895682321765
2670,0.007299412468101008
2671,0.0072973220790657455
2672,0.007362930828279232
2673,0.007004045936578916
2674,0.0075055899560230515
2675,0.007342892927827977
2676,0.007193958509113576
2677,0.00714256258491995
2678,0.007269080696722208
2679,0.007229114959600492
2680,0.007134044969107135
2681,0.007351462926589332
2682,0.007017011006394306
2683,0.007183239951145725
2684,0.007538515210183242
2685,0.007297669365702165
2686,0.007530775288183053
2687,0.007039872236881342
2688,0.007583970853159109
2689,0.007183214020126073
2690,0.0157672370886588
2691,0.00689924901382903
2692,0.006886610723795148
2693,0.007336868766411129
2694,0.0075034091280678575
2695,0.007092309168587297
2696,0.007230403580529205
2697,0.007367139678227447
2698,0.007327835381394095
2699,0.007171313688790394
2700,0.00709124010892869
2701,0.007124086563727992
2702,0.006977794589316946
2703,0.0070896206613061796
2704,0.006886089437688559
2705,0.007057246519252658
2706,0.007372440348016256
2707,0.007120551253369046
2708,0.007291085078870341
2709,0.007105164083857405
2710,0.007260921742703955
2711,0.007205491492887801
2712,0.006853863934323318
2713,0.007267258098443686
2714,0.007210306446383692
2715,0.17512846145763108
2716,0.006622458537803742
2717,0.007012034924227303
2718,0.007459078122214493
2719,0.007295975909505229
2720,0.007083378834807772
2721,0.007180882738192834
2722,0.007179685846618298
2723,0.007015977524441935
2724,0.0071648950293912725
2725,0.007061359938234091
2726,0.0073420397732091155
2727,0.007747971144962614
2728,0.0070551470261446
2729,0.0074220131984043675
2730,0.007167183158729794
2731,0.0073193252950875184
2732,0.006952737016066656
2733,0.007171727012511406
2734,0.006862821706602255
2735,0.007208637230224528
2736,0.007054991009881941
2737,0.007024718093354318
2738,0.007185374572083859
2739,0.006934945443960823
2740,0.006754853770578817
2741,0.007139127610756432
2742,0.007137131798317877
2743,0.006928214002242785
2744,0.007429103134199977
2745,0.007049606919635908
2746,0.007269892245688934
2747,0.007158719007146813
2748,0.007199851391537083
2749,0.0069277918526618664
2750,0.0071787735865593465
2751,0.00699394965796905
2752,0.0071837306496197895
2753,0.006957004387405211
2754,0.007309553959264846
2755,0.007172623069136072
2756,0.007010862558795992
2757,0.007235869820529627
2758,0.007164935999691991
2759,0.007470067337913029
2760,0.0070185248179645355
2761,0.007302397376684062
2762,0.007287766224057492
2763,0.007031861708452136
2764,0.007059079186469948
2765,0.007127212315119045
2766,0.007026148926450918
2767,0.007132414850737836
2768,0.007245424102944464
2769,0.0071446112420220495
2770,0.007296130023659917
2771,0.007408982107289515
2772,0.007387578663005793
2773,0.0071155207322405305
2774,0.006843652067137725
2775,0.006862385664135218
2776,0.7519123291328423
2777,0.006641135738483804
2778,0.006606344942603324
2779,0.007004185554066325
2780,0.00722798452538959
2781,0.006994348299547525
2782,0.007020175338612269
2783,0.007243091686455123
2784,0.007412780703724188
2785,0.0072397803295782565
2786,0.007498773856688354
2787,0.9834569440010177
2788,0.006588600564085074
2789,0.006479762989822459
2790,0.007181135844833896
2791,0.007245209131200435
2792,0.007227152080859168
2793,0.0073017718416433465
2794,0.006860594866970964
2795,0.007057385704622178
2796,0.006890122378166071
2797,0.007207776423764683
2798,0.007164403214119375
2799,0.006935859996809671
2800,0.007417252243859536
2801,0.006878717601204575
2802,0.007178897128866638
2803,0.007104597922603963
2804,0.007137482528085426
2805,0.007077663387092999
2806,0.007166609992825632
2807,0.007230145971180271
2808,0.007233598490513988
2809,0.006992349351787845
2810,4429.721972110001
2811,0.011745055454735786
2812,0.0070858379624689286
2813,0.007012808255425071
2814,0.007133740692999277
2815,0.006968659917050499
2816,0.0070657602973061345
2817,0.007135102612171638
2818,0.006995975509506918
2819,0.007338852530850445
2820,0.007053070887133984
2821,0.007143161705521457
2822,0.007265508358398357
2823,0.006952343871659141
2824,0.007118319204645389
2825,0.00709987560413399
2826,0.0070792423340223605
2827,0.006836852441557636
2828,0.00723703857511282
2829,0.007497590850107372
2830,0.0071895623153422844
2831,0.006929115814519889
2832,0.007085428717230462
2833,0.007151239516087256
2834,0.007084297154382881
2835,0.007298204282267114
2836,0.0072467304545186335
2837,0.006938578097260226
2838,0.006853781257740269
2839,0.007375512824599016
2840,0.0070182427554785955
2841,0.007426671711412274
2842,0.0070261044064694545
2843,0.006913513807437809
2844,0.006935542936720964
2845,0.007254089404418433
2846,0.007239781095156983
2847,0.006941425775856537
2848,0.0072210052058542685
2849,0.006906069536945956
2850,0.006972554869855107
2851,0.006996249298612445
2852,0.007249264599029291
2853,0.006937057442836843
2854,0.007029057963814397
2855,0.007254959263649406
2856,0.00718333851348735
2857,0.00718355350496279
2858,0.007193739285250589
2859,0.006931931324997696
2860,0.006996332618439475
2861,0.0072511180552606615
2862,0.007258780119088241
2863,0.007345291140678702
2864,0.006990173705301042
2865,0.007107798002218291
2866,0.007028556089469437
2867,0.007276291140134178
2868,0.007033998288719331
2869,0.006971902139011329
2870,0.007354104924962809
2871,0.007164364086732395
2872,0.00708145254599404
2873,0.006916668218702583
2874,0.0071522157295938514
2875,0.006914631929248571
2876,0.0071504963857863665
2877,0.007128789724971531
2878,0.006908875809177377
2879,0.0073406872225104496
2880,0.00675028098660316
2881,0.007106099707879505
2882,0.007125411794315708
2883,0.0071418575895160945
2884,0.006964558597369972
2885,0.006896980682987783
2886,0.0071330878516596
2887,0.007250184903584294
2888,0.006890812774299313
2889,0.006966925261668482
2890,0.007320247584622417
2891,4.57649515124464
2892,0.006645619231907619
2893,0.006335154045531053
2894,0.007102380631002203
2895,0.007683835789498131
2896,0.007048742634528395
2897,0.00662145529423793
2898,0.007090896788305777
2899,0.0069675103492908555
2900,0.006472797695373706
2901,0.007198789612768944
2902,0.007074943627230823
2903,0.0070644865420220766
2904,0.007042865408979104
2905,0.006763788549845122
2906,0.006991244716396145
2907,0.006836046247695715
2908,0.006777959603468998
2909,0.0069622111514652685
2910,0.007011644388312253
2911,0.007005762914590285
2912,0.007219089948872136
2913,0.007428730542029617
2914,0.0074694381999167595
2915,0.007019683596346591
2916,0.006966009315782053
2917,0.007063023882160373
2918,0.007002005588373769
2919,0.006966291401945686
2920,0.007236233330331743
2921,0.006986526251470638
2922,0.006963209990980261
2923,0.007058102507302064
2924,0.0070931551883281286
2925,0.007000786852154692
2926,0.006796113096998404
2927,0.007188760134849256
2928,0.00717177424358867
2929,0.006711757195308425
2930,0.0072121711199219195
2931,0.007006939212491704
2932,0.007054652231429719
2933,0.007036196314571899
2934,0.006944928213685624
2935,0.00688409760902178
2936,0.006911206976668436
2937,0.007193577345618505
2938,0.006996986395048009
2939,0.006956579978577793
2940,0.006964951029473568
2941,0.007259438214902529
2942,0.007091508278528513
2943,0.007146520275717317
2944,0.00704124893093387
2945,0.006818315158282422
2946,0.006919550600903645
2947,0.0070903962320190365
2948,0.00697561839035065
2949,0.0069736893174348995
2950,0.006927882131757372
2951,0.007064000336390178
2952,0.006808183959022291
2953,0.007163679651458258
2954,0.006963556506118532
2955,0.007184769090075614
2956,0.006788451565918907
2957,0.0069616540548218
2958,0.007127400254830718
2959,0.007018275558948517
2960,0.0065435145713262635
2961,0.006731376509671494
2962,0.007030379851901178
2963,0.0070340829700136845
2964,0.0070770255495178494
2965,0.007191243490709339
2966,0.006973843159296124
2967,0.006641449394904204
2968,0.0071877191963968644
2969,0.00693959898859957
2970,0.007152579566937382
2971,0.007276947101009852
2972,0.006925313261937413
2973,0.007257148402474694
2974,0.006844126834470968
2975,0.0071826955043095145
2976,0.007032050526211575
2977,0.0068673426739208525
2978,0.006975815714321146
2979,0.007021270680509634
2980,0.006850999489947522
2981,0.007322128139972939
2982,0.0069415759812188095
2983,0.006986589711633021
2984,0.00703729310080851
2985,0.007031063797836334
2986,0.007029796944599662
2987,0.007175241817988582
2988,0.00669371040924689
2989,0.006848767829932652
2990,0.007074931437165429
2991,0.00699740702333718
2992,0.007192828388632101
2993,0.007098368812999609
2994,0.0070648175956270955
2995,0.0071629153809241826
2996,0.007074957719404187
2997,0.007041112730926755
2998,0.0068319347012251366
2999,0.007143433144615995
3000,0.007199123639897522
3001,0.006767911887806603
3002,0.007318838803350168
3003,0.007147956615850582
3004,0.007404642467686938
3005,0.007199436584014004
3006,0.0066495116946082245
3007,0.006994420917057511
3008,0.006816026079863057
3009,0.006765435130130184
3010,0.006975610458323637
3011,0.007152027916163206
3012,0.007225903005623337
3013,0.006853073336168239
3014,0.007156299206159882
3015,0.006920828849029869
3016,0.006805230245799205
3017,0.0069893369336723014
3018,0.006643301353521518
3019,0.007015606264141783
3020,0.006899239221130008
3021,0.006991416103427566
3022,0.006967391542522079
3023,0.006982429458175675
3024,0.045257407287924975
3025,0.006461521091681542
3026,0.007019775700597566
3027,0.006854393485917757
3028,0.007058961137387333
3029,0.0067081250747571056
3030,0.013580822243781413
3031,0.006358236986038796
3032,0.006867947023346136
3033,0.006998431590638297
3034,0.007097728970713156
3035,0.0070217502800653045
3036,0.007064058899216481
3037,0.006960582945069646
3038,0.007015017433470841
3039,0.006738131439660565
3040,0.006938953797127736
3041,0.007083427668075567
3042,0.00695449829109455
3043,0.007106422174374683
3044,0.006851234552213701
3045,0.006956277693369252
3046,0.007124069525655043
3047,0.007047147229629553
3048,0.007281899406827229
3049,0.006851040914070682
3050,0.007032202022008093
3051,0.006886198670776971
3052,0.006839706329628825
3053,0.006919648849515844
3054,0.008061516933316776
3055,0.006680899579867216
3056,0.0070451260287851345
3057,0.00642124217563956
3058,0.007143414336635526
3059,0.0071172427082181735
3060,0.006828267346294123
3061,0.006909128331768689
3062,0.006953482439157443
3063,0.0070191614519236455
3064,0.0071421682290038315
3065,0.006845947534587803
3066,0.0071314064237304915
3067,0.007322121640446328
3068,0.007044030896040721
3069,0.0068406365610564415
3070,0.0072045112798243
3071,0.006783551347078913
3072,0.006985773440939769
3073,0.006646664116642107
3074,0.007126610909620205
3075,0.0071564264638917675
3076,0.006961221268037492
3077,0.006865258072108283
3078,0.0069791021109637565
3079,0.006831855809126618
3080,0.006871397871429385
3081,0.006833262502815638
3082,0.006928766221281583
3083,0.0067862612116387335
3084,0.0068311951166587104
3085,0.007005875308650656
3086,0.0069039920581725695
3087,0.0071135474432070375
3088,0.006985585428221877
3089,0.00698657129433448
3090,0.006789866742141292
3091,0.006886630182912163
3092,0.0070024819026495945
3093,0.006908914271615825
3094,0.006730299628481774
3095,0.0070707723261567495
3096,0.007195195654738631
3097,0.007000154716957171
3098,0.006832961697462883
3099,0.006745464308581994
3100,0.00686829830756632
3101,0.006737841125498763
3102,0.006682460734983749
3103,0.00677593179260207
3104,0.0068924382577602895
3105,0.006803325671402706
3106,0.006881494349326497
3107,0.006882374157134633
3108,0.006770790769655447
3109,0.007001970997238058
3110,0.006745454999302529
3111,0.0069013035903542725
3112,0.006824009700567793
3113,0.0071357204282845735
3114,0.006862558349493449
3115,0.00659707702214877
3116,0.007227985152848444
3117,0.006693997388800322
3118,0.006798416007136516
3119,0.006731436939089228
3120,0.006590382300585635
3121,0.0068131909030884254
3122,0.00716880141062883
3123,0.006418914575587516
3124,0.006937895427947327
3125,0.0068816787373842826
3126,0.17795178812920606
3127,0.005994075342965454
3128,0.006670257354833943
3129,0.00689633361111253
3130,0.0069097806048437444
3131,0.006564848316375608
3132,0.0071300035697739505
3133,0.0070037200940394045
3134,0.006720569170222191
3135,0.006716334371496055
3136,0.007184560051566716
3137,0.006823570536591618
3138,0.007008424439167572
3139,0.006871898518480613
3140,0.007093278241296441
3141,0.006780159505778703
3142,0.007104615047495118
3143,0.007116981363713236
3144,0.00738249265715101
3145,0.007115410767116789
3146,0.0068628020481979945
3147,0.006885998495617661
3148,0.006827598315332148
3149,0.007129553099699571
3150,0.007216150625766713
3151,0.007246885162588777
3152,0.0070987834528057
3153,0.006561102497517683
3154,0.006929078401792479
3155,0.00686901001559602
3156,0.006974135300586537
3157,0.0066206105965016
3158,0.00668947428456997
3159,0.006835734818951558
3160,0.00696214670275922
3161,0.00717951934311097
3162,0.007018764002122364
3163,0.006866373441387284
3164,0.007062088366661032
3165,0.006889715546079107
3166,0.006874073221805995
3167,0.0069976154620112
3168,0.007071598809828066
3169,0.007238905308610302
3170,0.006599349433445703
3171,0.00678826376827339
3172,0.007127284603114477
3173,0.006653775007195644
3174,0.007188393347659859
3175,0.0068951860460910504
3176,0.006699823040388904
3177,0.0070434926685450944
3178,0.00696753613429807
3179,0.006724798525052177
3180,0.00656918521725841
3181,0.006927555505880865
3182,0.006707664405516648
3183,0.0066396375995729185
3184,0.006868002083847078
3185,0.006840026842714366
3186,0.007145682065668753
3187,0.006921800557855453
3188,0.006908363125965757
3189,0.007000005146946316
3190,0.006810526535214888
3191,0.006879671397855726
3192,0.007000371217885513
3193,0.0066523405178686825
3194,0.007074088422518413
3195,0.006650615493388121
3196,0.006670195694176196
3197,0.006374456341599382
3198,0.006930849507009074
3199,0.006943104492689846
3200,0.006435299815089142
3201,0.006785616517398443
3202,0.0071248542418766575
3203,0.006990964688218625
3204,0.006761139134434446
3205,0.006879731724670125
3206,0.006937527295075736
3207,0.0067279856707269355
3208,0.006772004444767736
3209,0.006711201758076579
3210,0.006985833363260253
3211,0.0067258136587659435
3212,0.006720193172410383
3213,0.006921000985854889
3214,0.00687912076324919
3215,0.006759495695389934
3216,0.0067359916155494875
3217,0.006824570759278485
3218,0.006759061683285035
3219,0.00685110875263305
3220,0.007132508845257936
3221,0.0066637910421053735
3222,0.006752635206301081
3223,0.006804002630445412
3224,0.00668782879937819
3225,0.006943261945399188
3226,0.006720419825149416
3227,0.0066015372265887965
3228,0.006884263078603199
3229,0.006937283608210036
3230,0.007025875622738089
3231,0.006885186413902853
3232,0.00680572580214653
3233,0.0069607978299954685
3234,0.006883373624108479
3235,0.006714642975258373
3236,0.0066224495876359485
3237,0.006697623191354007
3238,0.006912753445696149
3239,0.0069713441741857994
3240,0.006803648546338081
3241,0.006823378705845798
3242,0.006692120452190481
3243,0.006807757077849139
3244,0.007098406083660864
3245,0.006688466086446986
3246,0.006859674834709425
3247,0.006939781946130097
3248,0.006778734972921468
3249,0.006656662067714132
3250,0.0071232859499089545
3251,0.006805669038824864
3252,0.0066701096474682375
3253,0.0069756801595311545
3254,0.006889531225108115
3255,0.006788039560256116
3256,0.006594323278878326
3257,0.006933182178033611
3258,0.006758426010245615
3259,0.006550418380726823
3260,0.006750697461430425
3261,0.006759408863371838
3262,0.006847580050323474
3263,0.006748387607808967
3264,0.006846382134688734
3265,0.006853459217443557
3266,0.006957794087781113
3267,0.006706281482257833
3268,0.006648252836539079
3269,0.006656721516480764
3270,0.00678734799010395
3271,0.006790480675112645
3272,0.007119421523569499
3273,0.006719992207994653
3274,0.006700231460854411
3275,0.007012104053223916
3276,0.006635678267122199
3277,0.006927213515155017
3278,0.006865984835204179
3279,4640856862.380464
3280,0.007723479973688974
3281,0.006726309704452248
3282,0.006041549592105262
3283,0.006013061527667915
3284,0.006355631496694128
3285,0.006752776621319985
3286,0.006854459978797931
3287,0.00700945977981881
3288,0.006801240311903974
3289,0.006518744401854731
3290,0.006554762947262596
3291,0.007123691627708406
3292,0.007108340243082809
3293,0.0067302197991412575
3294,0.006502306951067837
3295,0.006844790685937693
3296,0.006808056732860662
3297,0.006706407398253806
3298,0.00687381770004029
3299,0.007006091414950788
3300,0.00659321320945618
3301,0.006746949055784587
3302,0.006831253736706103
3303,0.006579177815198772
3304,0.0066448946511057224
3305,0.006962092220388605
3306,0.006867688500432898
3307,0.006560998343294329
3308,0.006600011365046188
3309,0.006862112346610402
3310,0.006833575356167631
3311,0.007086828228686068
3312,0.0066184352459859545
3313,0.006853597254444987
3314,0.006952331476387078
3315,0.006800246322369676
3316,0.00659143025158131
3317,0.006856805637036845
3318,0.006680789366127702
3319,0.006982593716248491
3320,0.0069393894725905386
3321,0.006680765931131476
3322,0.006633139803405788
3323,0.006796014455731137
3324,0.007265108408627368
3325,0.006736351753253553
3326,0.00686624492479141
3327,0.0068256484849725735
3328,0.006818526736223849
3329,0.006782254425145812
3330,6.2694195017427745
3331,0.006124055989765388
3332,0.006523810419790699
3333,0.006891432672076054
3334,0.006833304799067141
3335,0.007109254977460635
3336,0.006920073151793647
3337,0.007025387130235716
3338,0.006577814581914474
3339,0.006734638583404407
3340,0.006823768752421868
3341,0.0067234857291993445
3342,0.006577183297140745
3343,0.006796893016514131
3344,0.0065828466381467245
3345,0.00678861007623185
3346,0.006663911445145258
3347,0.006602708191089964
3348,0.007073990313999228
3349,0.00665693636983633
3350,0.006907121688758923
3351,0.006511421219082707
3352,0.006832478932988972
3353,0.006982482989492305
3354,0.006775825025939966
3355,0.006559037350875847
3356,4222.037970782303
3357,0.033979057865138405
3358,0.006118286444442504
3359,0.006619139499488776
3360,0.006713982916168742
3361,0.006826311182151786
3362,0.00650982561686976
3363,0.006506766441230804
3364,0.0066446945430332065
3365,0.006563987405339288
3366,0.006722672049240288
3367,0.006821311702478235
3368,0.007014499706910702
3369,0.006946095581150661
3370,0.006545212792658831
3371,0.006784487389406915
3372,0.006641536015796207
3373,0.0067760805378399664
3374,0.006595149089708545
3375,0.006796338161358894
3376,0.006649543148449669
3377,0.006777599775548078
3378,31.10555853979599
3379,0.0064497878400103775
3380,0.006213094808271755
3381,1553.6051536465134
3382,0.006378642058441952
3383,0.006062857814575151
3384,0.006277934918416885
3385,0.006814797548971818
3386,0.006563274825181244
3387,0.006819381950801964
3388,0.006595780863821254
3389,0.00667923186526839
3390,0.006788124204060789
3391,0.006589301812494079
3392,0.006946318557927922
3393,0.007048996777068508
3394,0.006454799403199705
3395,0.0064188950631956935
3396,0.006840750411294906
3397,0.006750840966005699
3398,0.006662896781039061
3399,0.006793170474801149
3400,0.006587153845229897
3401,0.006638017739563928
3402,0.006607556680091105
3403,0.00659074940545074
3404,0.00668127647348506
3405,0.006970020490540665
3406,0.006605643084493734
3407,0.006837612817111283
3408,0.00684537246657567
3409,0.0834810355011279
3410,0.005796257063146617
3411,0.006557514038631472
3412,0.006458249004257811
3413,0.006482411819210244
3414,0.00654271381346793
3415,0.00681856281510791
3416,0.006732299704878133
3417,0.0065003687622404455
3418,0.0064702591645704995
3419,0.0066608486428730565
3420,0.00670463328005083
3421,0.0068805544869974256
3422,0.006878778754765073
3423,0.006442128390594685
3424,0.006549050196831636
3425,0.006882799564371422
3426,0.006644883195048798
3427,0.0067246906948670495
3428,0.006733816359744613
3429,0.006874136316937284
3430,0.0067884072984994975
3431,0.006750402218362285
3432,0.006414298250308355
3433,0.006567917434672304
3434,0.00685106361900472
3435,0.006498810186019262
3436,0.006756691035214748
3437,0.006547887077539275
3438,0.00639408770593483
3439,0.006576809033719918
3440,0.006782049261885932
3441,0.006848919475687889
3442,0.007187862805548614
3443,0.006883605689173407
3444,0.006669803737599592
3445,0.006837280084363232
3446,0.006563965014134676
3447,0.006672541632601139
3448,0.006900557969949382
3449,0.006723192147515967
3450,0.006889299513235436
3451,0.00664233462490394
3452,0.006579386119699201
3453,0.00683284801888769
3454,0.006709731598305753
3455,0.006559106067485981
3456,0.0068799315742611635
3457,0.0067935854914771806
3458,0.006391511164542477
3459,0.00670264837710913
3460,0.006996758807040119
3461,0.0068852913415974985
3462,0.006518184122534753
3463,0.006910299945433261
3464,0.006497645703286438
3465,0.0067078203112834085
3466,0.006782378322618492
3467,0.006575232237514298
3468,0.00643324608898769
3469,0.006657786359536951
3470,0.006540523869601094
3471,0.00682589504670478
3472,0.006766582357744544
3473,0.006352882759282523
3474,0.006725450419284151
3475,0.00668119916187252
3476,0.006857845596811276
3477,0.006681682439363104
3478,0.00667645154181489
3479,0.00658343720715493
3480,0.0066205480281989705
3481,0.006913537374634485
3482,0.006752516381774034
3483,0.006728239012171782
3484,0.006694875744376647
3485,0.006839390230459808
3486,0.006364793485125243
3487,0.006552344971431135
3488,0.006402005196817346
3489,0.006525547898737556
3490,0.006688355653688817
3491,0.006900404007726554
3492,0.006633914247455107
3493,0.006538298616375206
3494,0.006720992215609146
3495,0.00650779603412217
3496,0.00679382287021095
3497,0.006553950616932016
3498,0.006772860466360541
3499,0.006565143089836179
3500,0.006468150618691313
3501,0.006485910932296666
3502,0.006558625457682095
3503,0.006676417793210407
3504,0.006849914098600462
3505,0.006726984447657557
3506,0.0066518859377415
3507,0.00659342825815271
3508,0.006515163225832127
3509,0.006362992417761835
3510,0.006638928046213242
3511,0.006473404209334719
3512,0.0064710692751174005
3513,0.006783024911074189
3514,0.006593921543414689
3515,0.0068459084367979385
3516,0.0068548394513111245
3517,0.0066678348486706365
3518,0.006559912888806755
3519,0.00661949505950561
3520,0.006680340131239618
3521,0.0065345378450544205
3522,0.006652304470554878
3523,0.006631614344383953
3524,171112.1765378177
3525,0.007297105582083686
3526,0.006316679224008852
3527,0.005906287227536284
3528,0.006362440313165218
3529,0.006407287502582422
3530,0.006553318598149818
3531,0.006722238581722318
3532,0.006675844998256761
3533,0.006589523901357868
3534,0.0064417643421250635
3535,0.006420601125790785
3536,0.006509996686225473
3537,0.006395122263249073
3538,0.006655697864717093
3539,0.006355551594347393
3540,0.0064820404030319495
3541,0.006802618552899083
3542,0.006488731016515423
3543,0.006674759086000465
3544,0.006785982114783788
3545,0.006657774352973675
3546,0.006511650721037413
3547,0.006387224513642742
3548,0.006328049668316114
3549,0.006600339952224897
3550,0.006540278026092229
3551,0.007119731034420557
3552,0.0067668361332804215
3553,0.006508054712913551
3554,416.06936743401656
3555,0.006495647901921707
3556,0.005739391546585928
3557,0.006406069018925398
3558,0.006751642317779489
3559,0.006730884185329206
3560,0.0064813877649258006
3561,0.0064373705891292475
3562,0.006920826964680169
3563,0.006684896812411183
3564,0.006931940780289598
3565,0.006568487116009376
3566,0.006691672815546646
3567,0.00644083953880847
3568,0.006466721044458701
3569,0.006563004660735823
3570,0.006694793255241998
3571,0.006445823635874411
3572,0.0065326985974117355
3573,0.006562190000125665
3574,0.0064768112083044595
3575,0.006500289700451797
3576,0.0070836518839854055
3577,0.0066570799849075026
3578,0.006601720600452085
3579,0.006739980564847336
3580,0.00697951703884844
3581,0.0063417300274122065
3582,0.006664182679033128
3583,0.006743052309394767
3584,0.006628361021531588
3585,0.006600171351268635
3586,0.006493561790656235
3587,0.006418925812625784
3588,0.006634214046505927
3589,0.006460469484455504
3590,0.006503078068401349
3591,0.006798177146573819
3592,0.006748130675247412
3593,0.006712368515841031
3594,0.006801130828226649
3595,0.006755155720353379
3596,0.0067263021848117145
3597,21181.288490074643
3598,0.007262265203141813
3599,0.006195798966149657
3600,0.005842658476035853
3601,0.006345925067346227
3602,0.006756874022342391
3603,0.006512143919481185
3604,0.006463144284325762
3605,0.006445053213086548
3606,0.0066038633014028104
3607,0.006605977009018978
3608,0.006522756067925464
3609,0.006722712530202027
3610,0.006338124001651245
3611,0.006735319267737411
3612,0.006557675342912139
3613,0.006715632073376012
3614,0.006305863769030419
3615,0.006660897107163476
3616,0.006514026882063787
3617,0.006470812478702579
3618,0.006401172249135956
3619,0.006563057018033528
3620,0.006746003321387758
3621,0.006837160669867013
3622,0.006538648008353124
3623,0.00651805865838808
3624,0.006675446567804379
3625,0.006310776811314083
3626,0.0065454778032598354
3627,0.006519920504415187
3628,0.0071082469845443206
3629,0.006278971790225576
3630,0.006518868551889466
3631,0.006720294810878902
3632,0.006200927059102993
3633,0.006803583284697922
3634,0.006599642452783883
3635,0.006425659732608977
3636,0.006469925176904742
3637,0.006483777655067586
3638,0.006745077610426283
3639,0.006263027843719317
3640,0.0065291146353139715
3641,0.006725605490412247
3642,0.006437743597632369
3643,0.006336965296275409
3644,0.006709829227351662
3645,0.0064329786455037735
3646,0.006768615764439485
3647,0.006526955111362672
3648,0.006659974839333129
3649,0.00657460426761753
3650,0.0064312484020651395
3651,0.006330950811142259
3652,0.006427592055288033
3653,0.006883577883669759
3654,0.006272050196904752
3655,51.75057627055478
3656,0.006317921069655883
3657,0.006058320499782972
3658,0.006442539389955543
3659,0.0063193040856523285
3660,0.006506633905346616
3661,0.006812918195264193
3662,0.0065497628717004494
3663,0.006361088806258167
3664,0.006433044552361056
3665,0.0064080748766250275
3666,0.006360881581065892
3667,0.00649352131758706
3668,0.00651497742500535
3669,0.0065474103627158175
3670,0.006362743474448384
3671,0.006704272518834194
3672,0.00646022635204244
3673,0.006490919452902498
3674,0.006515904686855689
3675,0.00658549369762699
3676,0.006768014941017254
3677,0.006544891360089562
3678,0.006324123318891151
3679,0.006366710831663745
3680,0.0069494515941557235
3681,0.006795096262437054
3682,0.0067294290904902805
3683,0.006465564760126931
3684,0.006696665418823644
3685,0.013546455996821366
3686,0.006088802744871226
3687,0.0066535027097847504
3688,0.006236892444144745
3689,0.006293630608262778
3690,0.0063963260746292645
3691,0.006411750029409462
3692,0.006674139886715655
3693,0.006427177308932326
3694,0.006575527056357113
3695,0.006550244724583197
3696,0.0063775245364660685
3697,0.006318258579378411
3698,0.006353830385921618
3699,0.006760992305116507
3700,0.0063854400561806765
3701,0.0067253128361051615
3702,0.006440549678469108
3703,0.0065698130766592795
3704,0.006595536665912023
3705,0.006347305429467963
3706,0.006398675357528283
3707,0.006209874129064886
3708,0.006726632492569417
3709,0.0064255959527977444
3710,0.006432263399632174
3711,0.0066420439437379014
3712,0.006509244211128582
3713,0.006329789893875309
3714,0.006715482629646184
3715,0.006381818278834729
3716,0.006332835312774878
3717,0.006710817778909231
3718,0.006808559929210124
3719,0.006321217418821939
3720,0.006332042524433237
3721,0.006801371944089562
3722,0.006431816049093791
3723,0.006407351057455575
3724,0.00629596084048498
3725,0.006438780664782024
3726,0.00635416709454888
3727,0.006221277420251172
3728,0.006419209068862058
3729,0.006470944250981181
3730,0.006610782540766365
3731,0.006535204366180982
3732,0.006368045904279008
3733,0.006638690659586909
3734,0.00679020393221497
3735,0.006586394266825233
3736,0.006472087711869281
3737,0.006371950661621483
3738,0.006571816598159908
3739,0.0064144311433310735
3740,0.006445157454128109
3741,0.006608519924141593
3742,0.0065346617898824864
3743,0.0063959989120583914
3744,0.006592875628700575
3745,0.0065885971012225346
3746,0.006375485427393499
3747,0.006329387019909287
3748,0.006448472419879951
3749,0.006587196968227498
3750,45.62737630696581
3751,0.005736404153818296
3752,0.005906380624194645
3753,0.006331990143457838
3754,0.006228812972194184
3755,0.006687358017789863
3756,0.006485507683433845
3757,0.006403335007065434
3758,0.006432461818695953
3759,0.00630721941756053
3760,0.006444316570473425
3761,0.0063969417262064706
3762,0.00637917322801205
3763,0.006594069813125593
3764,0.006501324745131877
3765,0.006537561725146311
3766,0.006418881416952206
3767,0.006396171198842131
3768,0.006492923889940573
3769,0.006547274732946465
3770,0.0064153110419036975
3771,0.006432981200721431
3772,0.006257090530105693
3773,0.006571408414471326
3774,0.006466856246056445
3775,0.006416312574756221
3776,0.0065052756068880785
3777,0.0063612791946378805
3778,0.006605417708376959
3779,0.006545212644673252
3780,0.006485650888091679
3781,0.0066691944967576505
3782,0.00669541946312381
3783,0.006418742963618015
3784,0.006293173165107935
3785,0.006682288509367381
3786,0.00651799367693395
3787,0.006443449331573763
3788,0.006025340475173572
3789,0.006615046117754685
3790,0.0063909798765839155
3791,0.006378575249859211
3792,0.0067339941851352735
3793,0.006543769124279715
3794,0.006736224471843975
3795,0.006472011824864578
3796,0.006467300327100112
3797,0.006523366907011654
3798,0.006128872876939506
3799,0.006462869644796444
3800,0.006379621675616856
3801,531.1315529744804
3802,0.006048564749801436
3803,0.005444974784534109
3804,0.00608617675261793
3805,0.0064593741583432686
3806,0.006384033131634153
3807,0.006341131816428723
3808,0.006632195641602374
3809,0.006411217954167623
3810,0.006568724035001281
3811,0.006448343222550416
3812,0.006402078009668296
3813,0.006503994087293997
3814,0.0062649171578429514
3815,0.006259184228098493
3816,0.006347082786151539
3817,0.006642509972029444
3818,0.0064211742443395625
3819,0.00634997454274572
3820,0.0065693981211506205
3821,0.0062497999594089085
3822,0.006363150677485865
3823,0.00628519351830927
3824,0.006390018195261137
3825,0.006317547299520318
3826,0.006303335046711362
3827,0.006191172431838714
3828,0.006241323086985592
3829,0.006206777984655257
3830,0.006320243056121645
3831,0.00628328041205088
3832,0.006616354596374904
3833,0.006530810812472413
3834,0.006331865679693676
3835,0.006425169529393315
3836,0.006415471093239799
3837,3206186348.48139
3838,6.3450601893177225
3839,0.006526966847605624
3840,0.006001952414053603
3841,0.005720070142977697
3842,0.005714307497729058
3843,0.006303510271502122
3844,0.006355721063485717
3845,0.006319698627043705
3846,0.006225017611710828
3847,0.006434959343681901
3848,0.0066345594961480315
3849,0.00637776346411556
3850,0.006450120580650993
3851,0.006270587992838631
3852,0.006623536654179758
3853,0.007868055932981483
3854,0.006650685658283784
3855,0.006413707781930344
3856,0.006752772971009046
3857,0.006095999472979772
3858,0.006342343480910285
3859,0.006300617348781581
3860,0.006117144542335832
3861,0.006717169266667659
3862,0.006444024490350384
3863,0.006376347656488039
3864,0.006193134379257463
3865,0.006574550880340196
3866,0.006188431257476746
3867,0.006178593703040506
3868,0.00654457329369892
3869,0.0063886068291741155
3870,0.006311374854580578
3871,0.00637076611007106
3872,0.006059986596406138
3873,0.006300711467609567
3874,0.0063657784889752074
3875,0.006199247714810831
3876,0.006684224981562061
3877,0.006248343507048942
3878,0.006071500267075785
3879,0.006392461794302247
3880,4.0438842025715696
3881,0.005700120465608977
3882,0.006411898407643124
3883,0.006241986338617438
3884,0.006203807697047369
3885,0.006474211699550308
3886,0.006422469382553156
3887,0.006216090062033322
3888,0.006246547271907961
3889,0.006433788623850224
3890,0.006294169678289632
3891,0.0063565456766193195
3892,0.0064147855747112275
3893,0.006368923070051281
3894,0.006437177892174508
3895,0.006140221975806911
3896,0.00646158651906555
3897,0.00647587048173961
3898,0.0065527530071341385
3899,0.0064338807813760085
3900,0.0063959057186335575
3901,0.006945412752013338
3902,0.006604113160253708
3903,0.006365272536147702
3904,0.006254593160997887
3905,0.006580174095549826
3906,0.006375326411956448
3907,0.006588919674267329
3908,0.006154666143722075
3909,0.006301656592305813
3910,0.006106800494431439
3911,0.006265885705696576
3912,0.0062793779830148415
3913,0.006272604302266392
3914,0.006524103916629012
3915,0.0063782753935873
3916,0.006177440311333512
3917,0.006207809124489204
3918,0.0063049225906162696
3919,0.006246148762529937
3920,0.006255392148948701
3921,0.006430807608274459
3922,0.006314630265016172
3923,0.006266478841761285
3924,0.0061138298725551465
3925,0.006520264547207724
3926,0.2818742210984672
3927,0.005683565135429598
3928,0.005999967193436193
3929,0.006126052303381769
3930,0.006431767841311708
3931,0.006460529387044578
3932,0.006235813165588652
3933,0.006381742129402267
3934,0.0062464779929526275
3935,0.006458374300687495
3936,0.0059879432566527085
3937,0.0063300746023433946
3938,0.006425945628907973
3939,0.006371287654659127
3940,0.005968483275402401
3941,0.0062353085663359046
3942,0.006528276125347968
3943,0.006264816176430401
3944,0.00639043238716421
3945,0.006479126630129956
3946,0.0064114937854741335
3947,0.006273585290774324
3948,0.0063525516898923755
3949,0.006595099236326829
3950,0.006098065479911106
3951,0.006350971711010246
3952,0.006287154333145058
3953,0.0061731131834183205
3954,0.006543052641248678
3955,0.006338325354775761
3956,0.006206920027133014
3957,0.006182675277498566
3958,0.006286989102313705
3959,0.006248790804312517
3960,0.006386350605526339
3961,0.006226531478529007
3962,0.006158217687112421
3963,0.006138986787537776
3964,0.0062099828807068835
3965,0.006297902346162473
3966,0.006398718283211781
3967,0.006207831130931311
3968,0.006319691569118177
3969,0.006272831653497356
3970,0.006384676111214873
3971,0.006274752409623588
3972,0.0064413715824800525
3973,0.006432235229097433
3974,0.0061653355704778335
3975,0.006148585805006452
3976,0.0062218522317549685
3977,0.006406664276116733
3978,0.006326737063857964
3979,0.006188258360992423
3980,0.0061939178405613715
3981,0.006067257427799878
3982,0.006524427442700933
3983,0.006387971757942716
3984,0.00630785993071494
3985,0.006432952649370468
3986,0.006247474995473305
3987,0.006268149896887905
3988,0.048039557802948656
3989,0.005893709972674437
3990,0.006293180793271226
3991,0.006417392749118351
3992,0.006224640092607272
3993,0.006288057617385382
3994,0.006303026449424609
3995,0.006112107977476287
3996,0.005917879204281559
3997,0.006445618965899793
3998,0.0066544194409813165
3999,0.006121982853875448
4000,0.006162536780397266
4001,0.00651568598784822
4002,0.006284199434064202
4003,0.00648763185461699
4004,0.006289329809941731
4005,0.006486828723069975
4006,0.006244507785965451
4007,0.006502786724259919
4008,0.0061255400739925895
4009,0.0062027561648006916
4010,0.0062493139412254095
4011,0.006028791451510989
4012,0.006207215536575196
4013,0.006197054118659916
4014,0.00594224516397058
4015,0.0064640435216537975
4016,0.005965048997757672
4017,0.006381189659774556
4018,0.0060451280866291816
4019,0.006170271090784316
4020,0.006408421971866766
4021,0.006062344632158845
4022,0.006172014658844446
4023,0.006135429946263715
4024,0.006061079169986612
4025,0.006026127387501173
4026,0.006179288668968415
4027,0.006258868675489547
4028,0.006352608056612692
4029,0.006421636685460679
4030,0.006373360895125543
4031,0.006058498179161195
4032,0.006447854795161698
4033,0.006473345678078674
4034,0.0062903526369324425
4035,0.006335024465412154
4036,0.0060558978515535085
4037,0.006428169471338012
4038,0.006351901097933494
4039,0.006307163506635796
4040,0.006174450748110727
4041,0.006223788978216254
4042,0.006415664141413645
4043,0.0064695980163070104
4044,0.006218038613797497
4045,0.006049654827358485
4046,0.006245153646332101
4047,0.006381062190916578
4048,0.006011890190243089
4049,0.006211205482309274
4050,0.00614065007440809
4051,0.006126683903858066
4052,0.006152698782004289
4053,0.0061278068282941385
4054,0.006071865379068432
4055,0.006165674569921852
4056,0.006179142810435871
4057,0.006062126838823117
4058,0.006258835422143467
4059,0.006074745125153055
4060,0.006221023715748373
4061,0.006484389117666346
4062,0.006123492036456779
4063,0.006399442998187269
4064,0.006004455349392305
4065,0.00576899519537465
4066,0.006118300301812084
4067,0.00619040255363778
4068,0.006172998032879905
4069,0.006095819966472938
4070,0.006270760978114302
4071,0.00611145605956662
4072,0.006148282116894626
4073,0.00606086067223953
4074,0.0062926194168848254
4075,0.006386206832603883
4076,0.006251026373119804
4077,0.00630278340382975
4078,0.006023539330857664
4079,0.006080667119299583
4080,0.006285706866469423
4081,0.006142280009275271
4082,0.005971774975848147
4083,0.006379308688091272
4084,0.006264064470858519
4085,0.006213695892148604
4086,0.006073748124605518
4087,0.006058755881247758
4088,0.006139192834764846
4089,0.006144757112251374
4090,0.006043364088666641
4091,0.006128677753021277
4092,0.006354865842988178
4093,0.005979157921116231
4094,0.006050422986953566
4095,0.006301753954977681
4096,0.006117387653044346
4097,0.006270660898427211
4098,0.006083065746509928
4099,0.006289140790921904
4100,0.006350039098001385
4101,0.006056274374220836
4102,0.006298622203264701
4103,0.0061434763996719806
4104,0.006386210080394048
4105,0.006065811223934515
4106,0.006159961768189224
4107,0.006491031931807934
4108,0.006093048638569475
4109,0.005870420533090325
4110,0.006327179777514884
4111,0.006184450252044757
4112,0.0063066211098931355
4113,0.006097371664324428
4114,0.005966740105916761
4115,0.0060354420299626
4116,0.005684980603676858
4117,0.006128056438529264
4118,0.006091821838122935
4119,0.006207126859670221
4120,0.006365032685068199
4121,0.006170915001687609
4122,0.006116191292244752
4123,0.006164999974702122
4124,0.006195863764101671
4125,29408355831.32873
4126,0.00673726276234108
4127,0.0060893711574786045
4128,0.005742427133323656
4129,0.005523768460804249
4130,0.0057488103373512876
4131,0.006090434938984908
4132,0.006063615125840751
4133,0.006072075183156057
4134,0.006115833575584752
4135,0.005930013496870712
4136,0.006087015779546888
4137,0.00600761403645373
4138,0.00623672146555352
4139,0.006209964122054941
4140,0.00611124332733768
4141,0.006347142106664004
4142,0.006026019137037002
4143,0.0061375380343741785
4144,0.006187272003567699
4145,0.006252970799046047
4146,0.006021786250284542
4147,0.005952165734370129
4148,0.0061792269787135515
4149,0.005909796147133713
4150,0.006078136536308517
4151,0.006207585897123031
4152,0.0057825050908693314
4153,0.006158907728080275
4154,0.006113548167207736
4155,0.005982366923274377
4156,0.006358005976604329
4157,0.005915228792434653
4158,0.006114336379835287
4159,0.0060146588642718424
4160,0.006044990872427569
4161,0.006202847199609219
4162,0.006166656724556144
4163,0.005989003920596156
4164,0.006150991671671302
4165,0.005874567667132844
4166,0.0059619247163567
4167,0.005957550682932518
4168,0.006065087791500708
4169,0.0059701721479926825
4170,0.005974647707416345
4171,0.006164382294735918
4172,0.006421697049764759
4173,0.006081765484049032
4174,0.006130142074267743
4175,0.0059066235435084775
4176,0.0059729183439986185
4177,0.005975159319212376
4178,0.0061173277918912345
4179,0.00620874999312021
4180,0.006161263916972961
4181,0.005957443829452209
4182,0.006239019537549782
4183,0.00614646514206809
4184,0.006024229596763597
4185,0.006049503400621904
4186,0.006012298458776736
4187,0.0062371331140777826
4188,0.006360301270417996
4189,0.00600726347440317
4190,0.006035579646684987
4191,0.006037793211023308
4192,0.006365905271180101
4193,0.006253691638772518
4194,0.006149013120270634
4195,0.005938303558219035
4196,0.006135728328599263
4197,21.462081674740933
4198,0.005714605307853702
4199,0.005504503621230439
4200,0.005716779918441454
4201,0.006002862304370156
4202,0.005899327957087149
4203,0.006181435174135081
4204,0.006004021366884522
4205,0.0060700932201945175
4206,0.005996698598472117
4207,0.006253887192835495
4208,0.00622407461011435
4209,0.006085164233316052
4210,0.006408169125680322
4211,55807120817.90528
4212,0.006374575359494252
4213,0.005796887698756941
4214,0.0055736273239066795
4215,0.005334915459092896
4216,0.0056150276943946545
4217,0.005945915245782521
4218,0.005902224216389202
4219,0.006016299704689596
4220,0.005899751720697445
4221,0.006394653198293457
4222,0.0058557209973144585
4223,0.006217887360697328
4224,0.0061853398407130675
4225,0.006096493549471311
4226,0.00599645318313486
4227,0.006066032774130798
4228,0.0062834044318583054
4229,0.005955421588762458
4230,0.005869394977245543
4231,0.006131057874141734
4232,0.006189188547037794
4233,0.0059577638433330644
4234,0.006134429980085184
4235,0.005905374766216945
4236,0.005962493529511711
4237,0.006118849584817002
4238,0.00965693068564317
4239,0.005942415617706286
4240,0.006196694032257518
4241,0.006013630439479977
4242,0.006157632840213255
4243,0.00611382601901068
4244,0.005893151798695958
4245,0.006012400093298974
4246,0.006106652571993359
4247,0.005956194043885601
4248,0.006062394505271972
4249,0.006049461528595726
4250,0.006290989300488668
4251,0.0062156610913038
4252,0.005884114384524903
4253,0.005952724800208363
4254,0.005795820740493551
4255,0.005926615795341588
4256,0.005858824016147499
4257,0.005906548473384168
4258,0.005862811404690778
4259,0.006000661087948513
4260,0.006080117354848248
4261,0.00598313740131019
4262,0.005832297344676266
4263,0.0058165349291195555
4264,0.006055300919165425
4265,0.005986781496854531
4266,0.005931976052016904
4267,0.0058583170747763275
4268,0.005922448580642625
4269,0.0059467463959324155
4270,0.006097796984743011
4271,0.005995224206313743
4272,0.005848646647359987
4273,0.006106438231654465
4274,0.005996434598119329
4275,0.005971062170752025
4276,0.006382011512483833
4277,0.006268510072081649
4278,0.005795711949388734
4279,0.0061540669343292205
4280,0.005902959197617562
4281,0.005866063628503579
4282,0.006121461680237898
4283,0.006038948335148142
4284,0.006033370618597936
4285,0.00594307110897439
4286,0.006353383171529967
4287,0.0061529824604927485
4288,0.006139074874473578
4289,0.005807543337203057
4290,0.0060142276560003725
4291,0.005940677213356278
4292,0.005925215192738984
4293,0.006127880688882985
4294,0.006174637225724883
4295,0.005935283075876029
4296,0.005952703778363638
4297,0.006046818521947174
4298,0.005739273854641844
4299,0.0059807555398793295
4300,0.005893526079875054
4301,0.005890536064802969
4302,0.0056940478714719665
4303,0.0057580673325238595
4304,0.005958168996276997
4305,0.005912811524960828
4306,0.006039792628390557
4307,0.006196471199519553
4308,0.006033505184844263
4309,0.005834080744534731
4310,0.005986454162620387
4311,0.005923442629371154
4312,0.005904537690724483
4313,0.006117369707326515
4314,0.005750127602368593
4315,0.005945958301693328
4316,0.006188194239827789
4317,0.005910253085164448
4318,0.006086860394689365
4319,0.006201516781633688
4320,0.005739296754916846
4321,0.005977748516331411
4322,0.005908066598240728
4323,0.006023726785176639
4324,0.006047561224076455
4325,0.005776701362850934
4326,0.005839748931575125
4327,0.005962625096583644
4328,0.005843004742558351
4329,0.005980094235737698
4330,0.0061013070527085305
4331,0.005867029958546667
4332,0.0059302987124360464
4333,0.005943366219842081
4334,0.006121502536096436
4335,0.005926491325658004
4336,0.006011007695016846
4337,0.005798300862375458
4338,0.005895438215348049
4339,0.0059046494770574115
4340,0.005944973364930158
4341,0.005991466157927604
4342,0.005891544028122167
4343,0.005939006146390812
4344,0.005828090769759679
4345,0.006023538679721118
4346,0.005798826073059591
4347,0.005967165941325158
4348,0.005923587428326956
4349,0.005965395962772102
4350,0.006114304257099027
4351,0.005928446832744373
4352,0.0058428176828675855
4353,0.006033128644418666
4354,0.005692642748403221
4355,0.006032915255133757
4356,0.006065830264745628
4357,0.005954180899376081
4358,0.00571936761005387
4359,0.005863434729813519
4360,0.006013976202851509
4361,9708.903197819978
4362,0.005575360406695281
4363,0.005419145166574014
4364,0.005770696751315588
4365,0.005744479357864771
4366,0.005943395637401963
4367,0.005892875772048482
4368,0.005877629731450293
4369,0.005927911519578074
4370,0.005859004556580241
4371,0.0059875424525116456
4372,0.005894829071190019
4373,0.005907958752270472
4374,0.005687504359599897
4375,0.005820830684092085
4376,0.00593905848790339
4377,0.005929856346051951
4378,0.005723809099251057
4379,0.0057922760083861016
4380,0.005783297709520843
4381,0.005791529184365172
4382,0.005635248690496309
4383,0.005927989365911837
4384,0.0059754014532160706
4385,0.006056859588124237
4386,0.006035729940838607
4387,0.005858952173631702
4388,0.005824973396325516
4389,0.005823145892818348
4390,0.006011442447049638
4391,0.005978839943516936
4392,0.005706887447543569
4393,0.005911032150310101
4394,0.005674354694546911
4395,0.005678173215759886
4396,0.005711716838512506
4397,0.00580134184368081
4398,0.005746163666579809
4399,0.005932400024780151
4400,0.00566004214697849
4401,0.005712541122131555
4402,0.0058213779012183265
4403,0.0057688072931526575
4404,0.005773631179058072
4405,98.0412660129092
4406,0.005523936163981335
4407,0.005500693724616983
4408,0.005718179337159431
4409,0.006046531751546693
4410,0.005985544864246148
4411,0.005817057667457957
4412,0.005906346885455867
4413,0.005813772326445807
4414,0.005602306031258934
4415,0.006089454662780893
4416,0.005708079879819337
4417,0.005732553679559191
4418,0.006010541917314216
4419,0.005940158969833184
4420,0.005927701474767242
4421,0.0059702726558513814
4422,0.005860949558663672
4423,0.005770938303242675
4424,0.005892282965498329
4425,0.006123936926488275
4426,0.005737880667103297
4427,0.0057443707029066855
4428,0.005696530063178832
4429,0.005763438926867636
4430,0.005717373161055779
4431,0.005930961202435448
4432,0.005837130664169031
4433,0.005812900661790775
4434,0.005791103116126131
4435,0.00572409715416636
4436,0.005967288834469045
4437,0.005699720553327668
4438,0.005652008402571714
4439,0.005778797750234983
4440,0.005784591409314613
4441,0.005905976473606365
4442,0.005531058461263271
4443,0.005929525771920206
4444,0.005688197490506632
4445,0.005833693908259146
4446,0.005993790379962173
4447,0.005720721539978127
4448,0.005855653557326581
4449,0.0058144449702290405
4450,0.005913287527480368
4451,0.005607778474814811
4452,0.0055434351246330445
4453,0.005687240509205829
4454,0.005808524359254387
4455,0.005890120302279622
4456,0.005998041464994519
4457,0.0060669828099751116
4458,0.005630613533558987
4459,0.005808171285395273
4460,0.005866666782205388
4461,0.005836759005294387
4462,0.005782818567733896
4463,0.005732270541711379
4464,0.0056783659975596906
4465,0.0057736857186497775
4466,0.005801872452878851
4467,0.005570561775022139
4468,0.005680020953828501
4469,0.005822504677225725
4470,0.005893112629873015
4471,0.0058590964141885865
4472,0.005597638035335152
4473,0.005983041175167566
4474,0.006038104957443172
4475,0.0058139679870584
4476,0.005780007593507357
4477,0.0056105204778960195
4478,0.005915788702777256
4479,0.005741195757163025
4480,0.005962360967976688
4481,0.005679963302593362
4482,0.005792387863778967
4483,0.005836634123224323
4484,0.005692204207939617
4485,0.005745712245451444
4486,0.005798747932727812
4487,0.005613885707442917
4488,0.005486038065578599
4489,0.0059069335752687715
4490,0.005611231970853346
4491,0.005766418026523444
4492,0.005814767681393709
4493,0.005671054562869466
4494,0.0056765826430834705
4495,0.005782704719468572
4496,0.0055518261713402
4497,0.005520082272241934
4498,0.005610890952886035
4499,0.005786954310833145
4500,0.005795386661301857
4501,0.0058682512815536585
4502,0.005820925130461485
4503,0.005681941267971139
4504,0.005640807808218997
4505,0.005814482067253882
4506,0.005453031940259419
4507,0.00588408847126352
4508,0.005645020278881036
4509,0.005768676085192394
4510,0.005806505536044932
4511,0.005526758923779352
4512,0.005577471977399694
4513,0.0057738623443706815
4514,0.0056182442221127575
4515,0.005856597961826345
4516,0.005745655300600802
4517,0.005768297405881902
4518,0.005830033283712247
4519,0.005509805309160029
4520,0.005934681605263534
4521,0.005690353275355646
4522,0.0058123020502596585
4523,0.005865813426326139
4524,0.005563207091053284
4525,0.005623197198798091
4526,0.005806541970094382
4527,0.005559110676601402
4528,2.454763605782241
4529,0.005668571094540342
4530,0.00547128143499337
4531,0.0056133784720737295
4532,0.0055802824682066755
4533,0.005765526271346262
4534,0.0055862146950626775
4535,0.0055879452778815715
4536,0.005899893431687507
4537,0.005871335259575586
4538,0.0055465883342549205
4539,0.005780073393815023
4540,0.005650690024702857
4541,0.005672584761376098
4542,0.005675479690781084
4543,0.005681492350758764
4544,0.005866340320099587
4545,0.005546890455692754
4546,0.005925779728124202
4547,0.005744064824608297
4548,0.005707493716835091
4549,0.00550421544200725
4550,0.0057244871257630696
4551,0.005675413312343091
4552,0.005605797766770978
4553,0.0058734908194865215
4554,0.005754679964334404
4555,0.005696274813706592
4556,1.8974937439927737
4557,0.005278205451697616
4558,0.005612618988379836
4559,0.00554778413862874
4560,0.005642629591590267
4561,0.005780306457289321
4562,0.005659159752382439
4563,0.005563063919938848
4564,0.00556886599841133
4565,0.005767206331888624
4566,0.0056032630165060195
4567,0.005809737020172179
4568,0.005804549261406696
4569,0.005800747926252247
4570,0.005641974777109542
4571,0.005541842192079935
4572,0.005682096777136548
4573,0.005396588127349771
4574,0.00547221928077229
4575,0.005692605903940433
4576,0.005678804143395086
4577,0.005522783415518322
4578,0.0052854586964851975
4579,0.005852738063845594
4580,0.005527922064776264
4581,0.005843891718787915
4582,0.005573254597562728
4583,0.005527135083388726
4584,0.005470384817996646
4585,0.005703524007635601
4586,0.005532774634233092
4587,0.005463948915317907
4588,0.005577434748174402
4589,0.005541928489376806
4590,0.005570511676970933
4591,0.005574968294240534
4592,0.0056991998058885844
4593,0.0055030141227042015
4594,0.0055181147546460065
4595,0.0054058659095632825
4596,0.0053621207549378784
4597,0.0059080598047161
4598,0.005368687409781299
4599,0.0057272313821713555
4600,0.005396923158807143
4601,0.005563128317343229
4602,0.005579224241092422
4603,0.005761443795162743
4604,0.005575368518278129
4605,0.0055964869245792095
4606,0.005475661711435828
4607,0.005731681083581584
4608,0.0054288300413291085
4609,0.005632563290912342
4610,0.005664143519933825
4611,0.005588557277174698
4612,0.005460098675862586
4613,0.005757759905309748
4614,0.0056281083784366056
4615,0.005316441914192953
4616,0.005471048983192797
4617,0.005324386671911609
4618,0.005600355320878454
4619,0.00564202084797987
4620,0.0056529447349514495
4621,0.0055789010800515945
4622,0.005656780896045394
4623,1137.010656665545
4624,0.005644566146656871
4625,0.005023330361266636
4626,0.005503481733454865
4627,0.005676118808924773
4628,0.005538367926758729
4629,0.005751503057288543
4630,0.005545269530187598
4631,0.005329838571122895
4632,0.005383013191206728
4633,0.0054708432220711796
4634,0.00541332280421156
4635,0.005531804158620663
4636,0.005597689895401314
4637,0.00567191427423603
4638,0.00557568554876972
4639,0.005607834689603266
4640,0.00559494695902439
4641,0.00541626103025056
4642,0.005522009297037276
4643,0.005585052858311999
4644,0.005299908160310933
4645,0.0053750245133414865
4646,0.0056341637667836775
4647,0.005501549521271708
4648,0.005558123306955321
4649,0.005572137288686077
4650,0.0053528760958431384
4651,0.005527400275518708
4652,0.005637587119146424
4653,0.0056126306022880445
4654,0.005505849015346523
4655,0.005554666551287776
4656,0.005439760587651724
4657,0.005432620802420681
4658,0.005264919622154054
4659,0.005310030640260774
4660,0.005449185068955866
4661,0.0055471477868288
4662,0.005587597377598286
4663,0.005450438074688664
4664,0.0055632686471345566
4665,0.005510270052936749
4666,0.005602189410730439
4667,0.005619414032326411
4668,0.005511365976910722
4669,0.005544840804127566
4670,0.005481392646334686
4671,1.5772980865825095
4672,0.005118013174131008
4673,0.005355609265171876
4674,0.005372174678102009
4675,0.005239863428129357
4676,0.0053608720822228215
4677,0.005453844927645967
4678,0.005524443409216227
4679,0.005247456096586282
4680,0.005625644475774114
4681,0.005495678706457681
4682,0.005419897487765904
4683,0.005529424868192587
4684,0.005261755885824688
4685,0.00537473221617293
4686,0.005369587667223255
4687,0.005371644656900001
4688,0.005515259923413396
4689,0.005787303079298492
4690,0.005631498822752955
4691,0.005386743461713195
4692,0.0056124612061559396
4693,0.0055731985090553
4694,0.005457134631272974
4695,0.005314292021143108
4696,0.00559337554752069
4697,0.005574140608926319
4698,0.005578306616062962
4699,0.005511591552314743
4700,0.005318720860533037
4701,0.005588001861647403
4702,0.005468529915452888
4703,0.005431141649072958
4704,0.005422273919112601
4705,0.005274059511405431
4706,0.005407056388429413
4707,0.005527158709779634
4708,0.005372130542883049
4709,0.0054653839393660935
4710,0.0055095543414038625
4711,0.005390919612767964
4712,0.0053253949982887605
4713,0.005397484260926939
4714,0.005341873683777275
4715,0.005358680096155001
4716,0.0055171378801371585
4717,0.005446155099750702
4718,0.005306294114897185
4719,0.005354737928058258
4720,0.005423116967303015
4721,0.005466133796104814
4722,0.005433204931096505
4723,0.0054658444764060996
4724,0.005151436749009131
4725,0.005341692959842414
4726,4.246400338246376
4727,0.005171661995256604
4728,0.0050253461004566334
4729,0.005425191569236754
4730,0.005458477578694158
4731,0.005414921845609354
4732,0.005406190982577786
4733,0.005305150251488312
4734,0.00563607823253625
4735,0.005509545452403441
4736,0.005234049179322891
4737,0.005242454706912197
4738,0.005459756243153144
4739,0.005352735460214949
4740,0.005322048024242839
4741,0.005250249006706527
4742,0.005421170434062132
4743,0.0055179724004119635
4744,0.005200295436780079
4745,0.005310291325736602
4746,0.0052077893949098
4747,0.005369768116891511
4748,0.005322651095072723
4749,0.005340596323564522
4750,0.005337945953153579
4751,0.005289858404420695
4752,0.005161344841264693
4753,0.005239578048793315
4754,0.005283764827901782
4755,0.005349056150022326
4756,0.005235089928353742
4757,0.005635016570183433
4758,0.005359565710917242
4759,0.005455536969100772
4760,0.0052732785540175135
4761,0.005234943541019397
4762,0.16154503611397883
4763,0.005135803485399712
4764,0.005360134725332639
4765,0.005304807690524702
4766,0.005315079320206354
4767,0.005207033656237615
4768,0.005260162586267343
4769,0.005377091153651097
4770,0.005157071753736522
4771,0.005385535431757443
4772,0.005399033318715707
4773,0.005245882062778129
4774,0.0050903131407922355
4775,0.005242016634083022
4776,0.005421018644267598
4777,0.005147338211457482
4778,0.005297109883247038
4779,0.005580697088281356
4780,0.005387911831533884
4781,0.005226584828174594
4782,0.005105444478755028
4783,0.0052813172154917805
4784,0.005122844011412333
4785,0.005477036653339105
4786,0.005299416031309609
4787,0.005286527793633484
4788,0.005279249618208762
4789,0.005120318087007282
4790,0.0053084146120916985
4791,0.005511088014611879
4792,0.005134257487952709
4793,0.005268914903261525
4794,0.005078666758628846
4795,0.005322037473857655
4796,0.005262489314191043
4797,0.005168623016689414
4798,0.004989631904162846
4799,0.005253061839631932
4800,0.005154521723467288
4801,0.005300023516056017
4802,0.005144833604868312
4803,0.00531585782695309
4804,0.005404479322181541
4805,0.005176619129350125
4806,0.005290926071041722
4807,0.00542686834055299
4808,0.005286428860341341
4809,0.00546860973690084
4810,0.005363229518140651
4811,0.00546575791865461
4812,0.0051319514957682815
4813,0.005155221182237364
4814,0.005039784155580831
4815,0.005192003335203912
4816,0.0052709980153526036
4817,0.005263414533840397
4818,0.005011874987049249
4819,0.005366926004526095
4820,0.0052060321766599004
4821,0.005280221254028127
4822,0.005215016862582731
4823,0.03380630197698029
4824,0.004997755643532817
4825,0.0050978322387120484
4826,0.005401937648164645
4827,0.005322754177880489
4828,0.00517907895155693
4829,0.005010229543293432
4830,0.0051525712597294375
4831,0.005168738455306423
4832,0.005039163646130365
4833,0.004954504782444466
4834,0.005118963109345128
4835,0.005447044716042988
4836,0.005250646409152423
4837,0.005283500561174952
4838,0.005091895907722666
4839,0.005110755965303061
4840,0.005106943663430668
4841,0.005141337895450198
4842,0.005293044103783066
4843,0.005080743199530042
4844,0.005297442318050791
4845,0.005279758187421298
4846,0.005231652276637822
4847,0.0051483161652744825
4848,0.005103485479209004
4849,0.005111441961331766
4850,0.005173773135816268
4851,0.005129826537301859
4852,0.005107040331556888
4853,0.004941171936896014
4854,0.0051984418463751165
4855,0.00513506982025643
4856,0.005041458063869406
4857,0.004984120080657935
4858,0.00488167316297669
4859,0.005151914732562283
4860,0.0049942752555549395
4861,0.005006781633217204
4862,0.005002292565669928
4863,0.005213191551235267
4864,0.004919456347617936
4865,0.00504715355326248
4866,0.004989606523649546
4867,0.005108881293859144
4868,0.005125518876396246
4869,0.004845949377217409
4870,0.005040450954920281
4871,0.005023758929475384
4872,0.004935064700321626
4873,0.005149307027380219
4874,0.004818361159808681
4875,0.005138770925765068
4876,0.004757628440699082
4877,0.005063902420954684
4878,0.004970268383858946
4879,0.004928534343380923
4880,0.005151657342232006
4881,0.005077411815271539
4882,0.005051303842357534
4883,0.0050942123989906095
4884,0.00497353076145558
4885,0.004842847354820598
4886,0.00490093777563928
4887,0.004945478565848859
4888,0.00509643795608022
4889,0.004805569955289869
4890,0.005003985327321215
4891,0.005140088762993277
4892,0.005052946711164284
4893,0.004883871563726058
4894,0.004903925119078387
4895,0.005017886354619542
4896,0.004932724659615275
4897,0.005009230364398178
4898,0.005001114221621241
4899,0.005230986720377232
4900,0.004978481536115504
4901,0.004953879237538046
4902,0.004821670608658154
4903,0.005049796473092826
4904,0.004930496182276914
4905,0.004891086046157752
4906,0.0048272967539822395
4907,0.00490007002964237
4908,0.004939287754912245
4909,0.00518465812625837
4910,0.004993903164562406
4911,0.005065088663486985
4912,0.005026012984641149
4913,0.004841395497906132
4914,0.005070858064770572
4915,0.004961994391771318
4916,0.004945968842070739
4917,0.004969219085207935
4918,0.005025129938908553
4919,0.0049286770488340724
4920,0.005028114332501792
4921,0.00486462418447738
4922,0.0048610827100258
4923,0.0049026122640313235
4924,0.005028546034058524
4925,0.004983569497353066
4926,0.0049473168584912765
4927,0.0049049924423728705
4928,0.00485040934488051
4929,0.0048660461996066365
4930,0.004838275085834755
4931,0.004975493803967611
4932,0.004932923250342325
4933,0.0048098465648748106
4934,0.004768270728872868
4935,0.004589178948663175
4936,0.004817726279971964
4937,0.005024601484380536
4938,0.00460905970026881
4939,0.004929681543371309
4940,0.0047707350399755575
4941,0.004799761020152246
4942,0.004715978442217713
4943,0.004969571677620633
4944,0.004743252983474631
4945,0.004796595006818109
4946,0.0048012392106071364
4947,0.004882272877493652
4948,0.004768932490783222
4949,0.004904270775900301
4950,0.004750238076420658
4951,0.004802640460400006
4952,0.004851684157768169
4953,0.004648195646734813
4954,0.004960012628097024
4955,0.004658509983081307
4956,0.004748144948665621
4957,0.0047729263038737545
4958,0.004810510570246537
4959,0.0048243568172299505
4960,0.004705733822863865
4961,0.004861655402376111
4962,0.004855302484090425
4963,0.004755216741429294
4964,0.004531297031632167
4965,0.004883791797526054
4966,0.004711787770817972
4967,0.0048039069446593015
4968,0.004728501875711195
4969,0.00467019499145385
4970,0.004797350964508951
4971,0.004642792817568249
4972,0.004797041181364428
4973,0.00465751770623344
4974,0.004718722416466828
4975,0.004662287376142281
4976,0.004613633099864474
4977,0.004681355529070153
4978,0.004584713059603789
4979,0.004652714883608712
4980,0.004697319323402214
4981,0.004615465398104388
4982,0.0045301125116520005
4983,0.004717352569213737
4984,0.004655014076349088
4985,0.004463220326924476
4986,0.0046752713052398065
4987,0.0043798110140014
4988,0.004627494417699211
4989,0.004500154514355048
4990,0.004586856344604265
4991,0.004535349810069774
4992,0.004622161335122409
4993,0.004508616633602749
4994,0.004496426007836678
4995,0.004613884243230193
4996,0.004511795030370102
4997,0.004488743571327778
4998,0.00452489267355936
4999,0.00445223788896544
5000,0.0045307977894573645
